CREATE DATABASE  IF NOT EXISTS `lisalisi` /*!40100 DEFAULT CHARACTER SET utf8 */;
USE `lisalisi`;
-- MySQL dump 10.13  Distrib 5.5.47, for debian-linux-gnu (x86_64)
--
-- Host: 127.0.0.1    Database: lisalisi
-- ------------------------------------------------------
-- Server version	5.5.47-0ubuntu0.14.04.1

/*!40101 SET @OLD_CHARACTER_SET_CLIENT=@@CHARACTER_SET_CLIENT */;
/*!40101 SET @OLD_CHARACTER_SET_RESULTS=@@CHARACTER_SET_RESULTS */;
/*!40101 SET @OLD_COLLATION_CONNECTION=@@COLLATION_CONNECTION */;
/*!40101 SET NAMES utf8 */;
/*!40103 SET @OLD_TIME_ZONE=@@TIME_ZONE */;
/*!40103 SET TIME_ZONE='+00:00' */;
/*!40014 SET @OLD_UNIQUE_CHECKS=@@UNIQUE_CHECKS, UNIQUE_CHECKS=0 */;
/*!40014 SET @OLD_FOREIGN_KEY_CHECKS=@@FOREIGN_KEY_CHECKS, FOREIGN_KEY_CHECKS=0 */;
/*!40101 SET @OLD_SQL_MODE=@@SQL_MODE, SQL_MODE='NO_AUTO_VALUE_ON_ZERO' */;
/*!40111 SET @OLD_SQL_NOTES=@@SQL_NOTES, SQL_NOTES=0 */;

--
-- Table structure for table `Alerte`
--

DROP TABLE IF EXISTS `Alerte`;
/*!40101 SET @saved_cs_client     = @@character_set_client */;
/*!40101 SET character_set_client = utf8 */;
CREATE TABLE `Alerte` (
  `id` int(11) NOT NULL AUTO_INCREMENT,
  `to_id` int(11) DEFAULT NULL,
  `at` datetime NOT NULL,
  `lu` tinyint(1) NOT NULL,
  `message` longtext COLLATE utf8_unicode_ci NOT NULL,
  PRIMARY KEY (`id`),
  KEY `IDX_402700C30354A65` (`to_id`),
  CONSTRAINT `FK_402700C30354A65` FOREIGN KEY (`to_id`) REFERENCES `compte` (`id`)
) ENGINE=InnoDB DEFAULT CHARSET=utf8 COLLATE=utf8_unicode_ci;
/*!40101 SET character_set_client = @saved_cs_client */;

--
-- Dumping data for table `Alerte`
--

LOCK TABLES `Alerte` WRITE;
/*!40000 ALTER TABLE `Alerte` DISABLE KEYS */;
/*!40000 ALTER TABLE `Alerte` ENABLE KEYS */;
UNLOCK TABLES;

--
-- Table structure for table `Arrondissement`
--

DROP TABLE IF EXISTS `Arrondissement`;
/*!40101 SET @saved_cs_client     = @@character_set_client */;
/*!40101 SET character_set_client = utf8 */;
CREATE TABLE `Arrondissement` (
  `id` int(11) NOT NULL AUTO_INCREMENT,
  `ville_id` int(11) NOT NULL,
  `nom` varchar(255) COLLATE utf8_unicode_ci NOT NULL,
  `active` tinyint(1) NOT NULL,
  `matricule` varchar(50) COLLATE utf8_unicode_ci NOT NULL,
  `image` varchar(255) COLLATE utf8_unicode_ci DEFAULT NULL,
  PRIMARY KEY (`id`),
  KEY `IDX_F75F1C1CA73F0036` (`ville_id`),
  CONSTRAINT `FK_F75F1C1CA73F0036` FOREIGN KEY (`ville_id`) REFERENCES `Ville` (`id`)
) ENGINE=InnoDB AUTO_INCREMENT=34 DEFAULT CHARSET=utf8 COLLATE=utf8_unicode_ci;
/*!40101 SET character_set_client = @saved_cs_client */;

--
-- Dumping data for table `Arrondissement`
--

LOCK TABLES `Arrondissement` WRITE;
/*!40000 ALTER TABLE `Arrondissement` DISABLE KEYS */;
INSERT INTO `Arrondissement` VALUES (1,7,'ARR Levine',0,'ARR00030',NULL),(2,18,'ARR Perez',0,'ARR00031',NULL),(3,5,'ARR Bishop',0,'ARR00032',NULL),(5,8,'ARR Gillespie',0,'ARR00033',NULL),(6,20,'ARR Briggs',0,'ARR00034',NULL),(7,20,'ARR Tanner',0,'ARR00035',NULL),(8,5,'ARR Giles',0,'ARR00036',NULL),(9,2,'ARR Nieves',0,'ARR00037',NULL),(10,2,'ARR Cooley',0,'ARR00038',NULL),(11,3,'ARR Hoover',0,'ARR00039',NULL),(12,8,'ARR Key',0,'ARR00040',NULL),(13,10,'ARR Anderson',0,'ARR00041',NULL),(14,11,'ARR Kelley',0,'ARR00042',NULL),(15,3,'ARR Baker',0,'ARR00043',NULL),(16,6,'ARR Wilcox',0,'ARR00044',NULL),(17,14,'ARR Greer',0,'ARR00045',NULL),(18,15,'ARR Moss',0,'ARR00046',NULL),(19,19,'ARR Price',0,'ARR00047',NULL),(20,7,'ARR Pratt',0,'ARR00030',NULL),(21,20,'ARR Sullivan',0,'ARR00030',NULL),(22,3,'ARR Hill',0,'ARR00030',NULL),(23,15,'ARR Lambert',0,'ARR00030',NULL),(24,10,'ARR Humphrey',0,'ARR00030',NULL),(25,1,'ARR Zimmerman',0,'ARR00030',NULL),(26,20,'ARR Alvarado',0,'ARR00030',NULL),(27,4,'ARR Morales',0,'ARR00030',NULL),(28,13,'ARR Foley',0,'ARR00030',NULL),(29,5,'ARR Wilkins',0,'ARR00030',NULL),(30,6,'ARR Potter',0,'ARR00030',NULL),(31,5,'maarif',1,'ARR00030',NULL),(32,23,'Sud-Ouest',1,'ARR00031',NULL),(33,1,'jun',1,'ARR00032',NULL);
/*!40000 ALTER TABLE `Arrondissement` ENABLE KEYS */;
UNLOCK TABLES;

--
-- Table structure for table `CategorieMedicament`
--

DROP TABLE IF EXISTS `CategorieMedicament`;
/*!40101 SET @saved_cs_client     = @@character_set_client */;
/*!40101 SET character_set_client = utf8 */;
CREATE TABLE `CategorieMedicament` (
  `id` int(11) NOT NULL AUTO_INCREMENT,
  `nom` varchar(255) COLLATE utf8_unicode_ci NOT NULL,
  `matricule` varchar(100) COLLATE utf8_unicode_ci NOT NULL,
  `active` tinyint(1) NOT NULL,
  `at` datetime NOT NULL,
  PRIMARY KEY (`id`)
) ENGINE=InnoDB AUTO_INCREMENT=7 DEFAULT CHARSET=utf8 COLLATE=utf8_unicode_ci;
/*!40101 SET character_set_client = @saved_cs_client */;

--
-- Dumping data for table `CategorieMedicament`
--

LOCK TABLES `CategorieMedicament` WRITE;
/*!40000 ALTER TABLE `CategorieMedicament` DISABLE KEYS */;
INSERT INTO `CategorieMedicament` VALUES (1,'Sirop','CM00001',1,'0000-00-00 00:00:00'),(2,'Compress','CM00002',1,'0000-00-00 00:00:00'),(3,'Rhumatismal','CM00003',1,'2015-11-01 21:33:11'),(4,'Lopéramide','CM00004',1,'2015-11-26 15:52:45'),(5,'Paracetamol et CODEINE','CM00005',1,'2015-11-26 15:53:53'),(6,'Diclofenac Sodique','CM00006',1,'2015-11-26 15:54:52');
/*!40000 ALTER TABLE `CategorieMedicament` ENABLE KEYS */;
UNLOCK TABLES;

--
-- Table structure for table `Chat`
--

DROP TABLE IF EXISTS `Chat`;
/*!40101 SET @saved_cs_client     = @@character_set_client */;
/*!40101 SET character_set_client = utf8 */;
CREATE TABLE `Chat` (
  `id` int(11) NOT NULL AUTO_INCREMENT,
  `sender_id` int(11) NOT NULL,
  `receiver_id` int(11) NOT NULL,
  `at` datetime NOT NULL,
  `atresponse` datetime DEFAULT NULL,
  `lu` tinyint(1) NOT NULL,
  `message` longtext COLLATE utf8_unicode_ci NOT NULL,
  PRIMARY KEY (`id`),
  KEY `IDX_C5AF5D94F624B39D` (`sender_id`),
  KEY `IDX_C5AF5D94CD53EDB6` (`receiver_id`),
  CONSTRAINT `FK_C5AF5D94CD53EDB6` FOREIGN KEY (`receiver_id`) REFERENCES `compte` (`id`),
  CONSTRAINT `FK_C5AF5D94F624B39D` FOREIGN KEY (`sender_id`) REFERENCES `compte` (`id`)
) ENGINE=InnoDB DEFAULT CHARSET=utf8 COLLATE=utf8_unicode_ci;
/*!40101 SET character_set_client = @saved_cs_client */;

--
-- Dumping data for table `Chat`
--

LOCK TABLES `Chat` WRITE;
/*!40000 ALTER TABLE `Chat` DISABLE KEYS */;
/*!40000 ALTER TABLE `Chat` ENABLE KEYS */;
UNLOCK TABLES;

--
-- Table structure for table `Client`
--

DROP TABLE IF EXISTS `Client`;
/*!40101 SET @saved_cs_client     = @@character_set_client */;
/*!40101 SET character_set_client = utf8 */;
CREATE TABLE `Client` (
  `id` int(11) NOT NULL AUTO_INCREMENT,
  `nom` varchar(255) COLLATE utf8_unicode_ci DEFAULT NULL,
  `prenom` varchar(255) COLLATE utf8_unicode_ci DEFAULT NULL,
  `email` varchar(255) COLLATE utf8_unicode_ci DEFAULT NULL,
  `adresse` longtext COLLATE utf8_unicode_ci,
  PRIMARY KEY (`id`)
) ENGINE=InnoDB DEFAULT CHARSET=utf8 COLLATE=utf8_unicode_ci;
/*!40101 SET character_set_client = @saved_cs_client */;

--
-- Dumping data for table `Client`
--

LOCK TABLES `Client` WRITE;
/*!40000 ALTER TABLE `Client` DISABLE KEYS */;
/*!40000 ALTER TABLE `Client` ENABLE KEYS */;
UNLOCK TABLES;

--
-- Table structure for table `ContenuFiche`
--

DROP TABLE IF EXISTS `ContenuFiche`;
/*!40101 SET @saved_cs_client     = @@character_set_client */;
/*!40101 SET character_set_client = utf8 */;
CREATE TABLE `ContenuFiche` (
  `id` int(11) NOT NULL AUTO_INCREMENT,
  `fiche_id` int(11) NOT NULL,
  `pharmedoc_id` int(11) NOT NULL,
  `at` datetime NOT NULL,
  `quantite` int(11) NOT NULL,
  PRIMARY KEY (`id`),
  KEY `IDX_CEF876FFDF522508` (`fiche_id`),
  KEY `IDX_CEF876FFFF0C8BCC` (`pharmedoc_id`),
  CONSTRAINT `FK_CEF876FFDF522508` FOREIGN KEY (`fiche_id`) REFERENCES `Fiche` (`id`),
  CONSTRAINT `FK_CEF876FFFF0C8BCC` FOREIGN KEY (`pharmedoc_id`) REFERENCES `PharMedoc` (`id`)
) ENGINE=InnoDB AUTO_INCREMENT=26 DEFAULT CHARSET=utf8 COLLATE=utf8_unicode_ci;
/*!40101 SET character_set_client = @saved_cs_client */;

--
-- Dumping data for table `ContenuFiche`
--

LOCK TABLES `ContenuFiche` WRITE;
/*!40000 ALTER TABLE `ContenuFiche` DISABLE KEYS */;
INSERT INTO `ContenuFiche` VALUES (2,4,853,'2015-11-24 11:06:08',2),(3,4,1051,'2015-11-24 11:26:30',1),(4,4,952,'2015-11-24 11:26:56',1),(5,1,852,'2015-11-24 12:54:24',4),(6,2,1045,'2015-11-24 13:25:24',1),(7,5,852,'2015-11-24 13:26:29',2),(8,3,857,'2015-11-24 15:37:05',3),(9,6,857,'2015-11-25 11:50:48',5),(10,7,948,'2015-11-25 12:08:57',3),(11,7,1051,'2015-11-25 12:08:57',2),(13,9,856,'2015-11-25 17:03:48',1),(15,9,955,'2015-11-25 17:21:24',2),(17,8,952,'2015-11-25 17:28:28',3),(18,8,1048,'2015-11-25 17:29:43',1),(19,8,853,'2015-11-25 17:31:55',45),(20,9,1048,'2015-11-25 17:32:38',1),(21,11,857,'2015-11-26 16:07:30',1),(22,12,1044,'2016-01-09 00:24:22',12),(23,13,1048,'2016-01-09 15:49:39',1),(25,13,852,'2016-01-09 15:51:09',20);
/*!40000 ALTER TABLE `ContenuFiche` ENABLE KEYS */;
UNLOCK TABLES;

--
-- Table structure for table `Etat`
--

DROP TABLE IF EXISTS `Etat`;
/*!40101 SET @saved_cs_client     = @@character_set_client */;
/*!40101 SET character_set_client = utf8 */;
CREATE TABLE `Etat` (
  `id` int(11) NOT NULL AUTO_INCREMENT,
  `at` datetime NOT NULL,
  `code` varchar(100) COLLATE utf8_unicode_ci NOT NULL,
  `detail` longtext COLLATE utf8_unicode_ci NOT NULL,
  `nom` varchar(255) COLLATE utf8_unicode_ci NOT NULL,
  `image` varchar(100) COLLATE utf8_unicode_ci NOT NULL,
  PRIMARY KEY (`id`)
) ENGINE=InnoDB AUTO_INCREMENT=4 DEFAULT CHARSET=utf8 COLLATE=utf8_unicode_ci;
/*!40101 SET character_set_client = @saved_cs_client */;

--
-- Dumping data for table `Etat`
--

LOCK TABLES `Etat` WRITE;
/*!40000 ALTER TABLE `Etat` DISABLE KEYS */;
INSERT INTO `Etat` VALUES (1,'2015-11-18 17:53:20','FAR','','Archivée','img/fichearchivee.png'),(2,'2015-11-18 18:00:20','FEC','','En cours','img/ficheencours.png'),(3,'2015-11-23 09:50:30','FTER','','Terminée','img/fichetermine.png');
/*!40000 ALTER TABLE `Etat` ENABLE KEYS */;
UNLOCK TABLES;

--
-- Table structure for table `EtatFiche`
--

DROP TABLE IF EXISTS `EtatFiche`;
/*!40101 SET @saved_cs_client     = @@character_set_client */;
/*!40101 SET character_set_client = utf8 */;
CREATE TABLE `EtatFiche` (
  `id` int(11) NOT NULL AUTO_INCREMENT,
  `fiche_id` int(11) NOT NULL,
  `etat_id` int(11) NOT NULL,
  `at` datetime NOT NULL,
  PRIMARY KEY (`id`),
  KEY `IDX_AC94D16BDF522508` (`fiche_id`),
  KEY `IDX_AC94D16BD5E86FF` (`etat_id`),
  CONSTRAINT `FK_AC94D16BD5E86FF` FOREIGN KEY (`etat_id`) REFERENCES `Etat` (`id`),
  CONSTRAINT `FK_AC94D16BDF522508` FOREIGN KEY (`fiche_id`) REFERENCES `Fiche` (`id`)
) ENGINE=InnoDB AUTO_INCREMENT=36 DEFAULT CHARSET=utf8 COLLATE=utf8_unicode_ci;
/*!40101 SET character_set_client = @saved_cs_client */;

--
-- Dumping data for table `EtatFiche`
--

LOCK TABLES `EtatFiche` WRITE;
/*!40000 ALTER TABLE `EtatFiche` DISABLE KEYS */;
INSERT INTO `EtatFiche` VALUES (1,1,1,'2015-11-23 11:40:58'),(2,2,1,'2015-11-23 12:21:26'),(3,3,1,'2015-11-23 12:24:49'),(4,4,1,'2015-11-24 10:54:38'),(5,4,3,'2015-11-24 12:47:27'),(6,1,3,'2015-11-24 12:54:43'),(7,2,3,'2015-11-24 13:25:32'),(8,5,1,'2015-11-24 13:26:29'),(9,3,3,'2015-11-25 00:39:01'),(10,2,3,'2015-11-25 11:31:04'),(11,1,1,'2015-11-25 11:37:27'),(12,5,3,'2015-11-25 11:48:44'),(13,4,3,'2015-11-25 11:49:26'),(14,6,2,'2015-11-25 11:50:48'),(15,6,1,'2015-11-25 12:00:42'),(16,2,1,'2015-11-25 12:06:39'),(17,5,1,'2015-11-25 12:06:52'),(18,7,2,'2015-11-25 12:08:57'),(19,7,3,'2015-11-25 12:09:12'),(20,7,3,'2015-11-25 12:10:11'),(21,6,3,'2015-11-25 12:10:19'),(22,8,2,'2015-11-25 16:14:24'),(23,3,3,'2015-11-25 17:02:05'),(24,9,2,'2015-11-25 17:03:48'),(25,3,1,'2015-11-25 17:04:11'),(26,9,3,'2015-11-25 17:33:12'),(27,10,2,'2015-11-26 15:27:30'),(28,11,2,'2015-11-26 16:07:29'),(29,11,3,'2015-11-26 16:08:20'),(30,8,3,'2016-01-09 00:22:24'),(31,12,2,'2016-01-09 00:24:22'),(32,12,3,'2016-01-09 00:24:49'),(33,10,3,'2016-01-09 00:30:16'),(34,13,2,'2016-01-09 15:48:43'),(35,13,3,'2016-01-09 15:51:41');
/*!40000 ALTER TABLE `EtatFiche` ENABLE KEYS */;
UNLOCK TABLES;

--
-- Table structure for table `Fiche`
--

DROP TABLE IF EXISTS `Fiche`;
/*!40101 SET @saved_cs_client     = @@character_set_client */;
/*!40101 SET character_set_client = utf8 */;
CREATE TABLE `Fiche` (
  `id` int(11) NOT NULL AUTO_INCREMENT,
  `etat_id` int(11) DEFAULT NULL,
  `user_id` int(11) NOT NULL,
  `deb` datetime NOT NULL,
  `fin` datetime DEFAULT NULL,
  `matricule` varchar(100) COLLATE utf8_unicode_ci NOT NULL,
  `client_id` int(11) DEFAULT NULL,
  `active` tinyint(1) NOT NULL,
  `terminee` tinyint(1) NOT NULL,
  `archivee` tinyint(1) NOT NULL,
  `darch` datetime DEFAULT NULL,
  PRIMARY KEY (`id`),
  UNIQUE KEY `UNIQ_8DD2E37CD5E86FF` (`etat_id`),
  UNIQUE KEY `UNIQ_8DD2E37C19EB6921` (`client_id`),
  KEY `IDX_8DD2E37CA76ED395` (`user_id`),
  CONSTRAINT `FK_8DD2E37C19EB6921` FOREIGN KEY (`client_id`) REFERENCES `Client` (`id`),
  CONSTRAINT `FK_8DD2E37CA76ED395` FOREIGN KEY (`user_id`) REFERENCES `compte` (`id`),
  CONSTRAINT `FK_8DD2E37CD5E86FF` FOREIGN KEY (`etat_id`) REFERENCES `EtatFiche` (`id`)
) ENGINE=InnoDB AUTO_INCREMENT=14 DEFAULT CHARSET=utf8 COLLATE=utf8_unicode_ci;
/*!40101 SET character_set_client = @saved_cs_client */;

--
-- Dumping data for table `Fiche`
--

LOCK TABLES `Fiche` WRITE;
/*!40000 ALTER TABLE `Fiche` DISABLE KEYS */;
INSERT INTO `Fiche` VALUES (1,11,5,'2015-11-23 11:40:58','2015-11-24 12:54:43','JUNFICH00001',NULL,0,1,1,'2015-11-25 11:37:27'),(2,16,5,'2015-11-23 12:21:26','2015-11-25 11:31:04','JUNFICH00002',NULL,0,0,1,'2015-11-25 12:06:39'),(3,25,4,'2015-11-23 12:24:49','2015-11-25 17:02:05','ADMFICH00001',NULL,0,0,1,'2015-11-25 17:04:11'),(4,13,5,'2015-11-24 10:54:38','2015-11-25 11:49:26','JUNFICH00003',NULL,0,1,0,NULL),(5,17,5,'2015-11-24 13:26:29','2015-11-25 11:48:44','JUNFICH00004',NULL,0,0,1,'2015-11-25 12:06:52'),(6,21,5,'2015-11-25 11:50:48','2015-11-25 12:10:19','JUNFICH00005',NULL,0,1,0,'2015-11-25 12:00:42'),(7,20,5,'2015-11-25 12:08:57','2015-11-25 12:10:11','JUNFICH00006',NULL,0,1,0,NULL),(8,30,5,'2015-11-25 16:14:24','2016-01-09 00:22:24','JUNFICH00007',NULL,0,1,0,NULL),(9,26,4,'2015-11-25 17:03:48','2015-11-25 17:33:12','ADMFICH00002',NULL,0,1,0,NULL),(10,33,4,'2015-11-26 15:27:30','2016-01-09 00:30:16','ADMFICH00003',NULL,0,1,0,NULL),(11,29,4,'2015-11-26 16:07:29','2015-11-26 16:08:20','ADMFICH00004',NULL,0,1,0,NULL),(12,32,5,'2016-01-09 00:24:22','2016-01-09 00:24:49','JUNFICH00008',NULL,0,1,0,NULL),(13,35,9,'2016-01-09 15:48:43','2016-01-09 15:51:41','BN7FICH00001',NULL,0,1,0,NULL);
/*!40000 ALTER TABLE `Fiche` ENABLE KEYS */;
UNLOCK TABLES;

--
-- Table structure for table `Medicament`
--

DROP TABLE IF EXISTS `Medicament`;
/*!40101 SET @saved_cs_client     = @@character_set_client */;
/*!40101 SET character_set_client = utf8 */;
CREATE TABLE `Medicament` (
  `id` int(11) NOT NULL AUTO_INCREMENT,
  `categorie_id` int(11) NOT NULL,
  `nom` varchar(255) COLLATE utf8_unicode_ci NOT NULL,
  `matricule` varchar(100) COLLATE utf8_unicode_ci NOT NULL,
  `active` tinyint(1) NOT NULL,
  `at` datetime NOT NULL,
  `image` varchar(255) COLLATE utf8_unicode_ci DEFAULT NULL,
  PRIMARY KEY (`id`),
  KEY `IDX_D5C171EABCF5E72D` (`categorie_id`),
  CONSTRAINT `FK_D5C171EABCF5E72D` FOREIGN KEY (`categorie_id`) REFERENCES `CategorieMedicament` (`id`)
) ENGINE=InnoDB AUTO_INCREMENT=17 DEFAULT CHARSET=utf8 COLLATE=utf8_unicode_ci;
/*!40101 SET character_set_client = @saved_cs_client */;

--
-- Dumping data for table `Medicament`
--

LOCK TABLES `Medicament` WRITE;
/*!40000 ALTER TABLE `Medicament` DISABLE KEYS */;
INSERT INTO `Medicament` VALUES (11,6,'diclo','MED00001',1,'2015-11-22 14:17:43','img/MED00001.png'),(12,2,'Tensoplast','MED00002',1,'2015-11-23 12:47:53','img/MED00002.jpeg'),(13,1,'Aspirine','MED00003',1,'2015-11-23 12:48:28','img/MED00003.jpeg'),(14,1,'Dicplane','MED00004',1,'2015-11-25 13:07:41','img/medoc-default.jpg'),(15,4,'Imodium 2 mg','MED00005',1,'2015-11-26 15:53:16','img/medoc-default.jpg'),(16,5,'Codoliprane','MED00006',1,'2015-11-26 15:54:13','img/MED00006.png');
/*!40000 ALTER TABLE `Medicament` ENABLE KEYS */;
UNLOCK TABLES;

--
-- Table structure for table `Message`
--

DROP TABLE IF EXISTS `Message`;
/*!40101 SET @saved_cs_client     = @@character_set_client */;
/*!40101 SET character_set_client = utf8 */;
CREATE TABLE `Message` (
  `id` int(11) NOT NULL AUTO_INCREMENT,
  `thread_id` int(11) DEFAULT NULL,
  `sender_id` int(11) DEFAULT NULL,
  `body` longtext COLLATE utf8_unicode_ci NOT NULL,
  `created_at` datetime NOT NULL,
  PRIMARY KEY (`id`),
  KEY `IDX_790009E3E2904019` (`thread_id`),
  KEY `IDX_790009E3F624B39D` (`sender_id`),
  CONSTRAINT `FK_790009E3E2904019` FOREIGN KEY (`thread_id`) REFERENCES `Thread` (`id`),
  CONSTRAINT `FK_790009E3F624B39D` FOREIGN KEY (`sender_id`) REFERENCES `compte` (`id`)
) ENGINE=InnoDB DEFAULT CHARSET=utf8 COLLATE=utf8_unicode_ci;
/*!40101 SET character_set_client = @saved_cs_client */;

--
-- Dumping data for table `Message`
--

LOCK TABLES `Message` WRITE;
/*!40000 ALTER TABLE `Message` DISABLE KEYS */;
/*!40000 ALTER TABLE `Message` ENABLE KEYS */;
UNLOCK TABLES;

--
-- Table structure for table `MessageMetadata`
--

DROP TABLE IF EXISTS `MessageMetadata`;
/*!40101 SET @saved_cs_client     = @@character_set_client */;
/*!40101 SET character_set_client = utf8 */;
CREATE TABLE `MessageMetadata` (
  `id` int(11) NOT NULL AUTO_INCREMENT,
  `message_id` int(11) DEFAULT NULL,
  `participant_id` int(11) DEFAULT NULL,
  `is_read` tinyint(1) NOT NULL,
  PRIMARY KEY (`id`),
  KEY `IDX_DA67B3AD537A1329` (`message_id`),
  KEY `IDX_DA67B3AD9D1C3019` (`participant_id`),
  CONSTRAINT `FK_DA67B3AD537A1329` FOREIGN KEY (`message_id`) REFERENCES `Message` (`id`),
  CONSTRAINT `FK_DA67B3AD9D1C3019` FOREIGN KEY (`participant_id`) REFERENCES `compte` (`id`)
) ENGINE=InnoDB DEFAULT CHARSET=utf8 COLLATE=utf8_unicode_ci;
/*!40101 SET character_set_client = @saved_cs_client */;

--
-- Dumping data for table `MessageMetadata`
--

LOCK TABLES `MessageMetadata` WRITE;
/*!40000 ALTER TABLE `MessageMetadata` DISABLE KEYS */;
/*!40000 ALTER TABLE `MessageMetadata` ENABLE KEYS */;
UNLOCK TABLES;

--
-- Table structure for table `Notification`
--

DROP TABLE IF EXISTS `Notification`;
/*!40101 SET @saved_cs_client     = @@character_set_client */;
/*!40101 SET character_set_client = utf8 */;
CREATE TABLE `Notification` (
  `id` int(11) NOT NULL AUTO_INCREMENT,
  `user_id` int(11) NOT NULL,
  `at` datetime NOT NULL,
  `info` longtext COLLATE utf8_unicode_ci NOT NULL,
  `active` tinyint(1) NOT NULL,
  PRIMARY KEY (`id`),
  KEY `IDX_A765AD32A76ED395` (`user_id`),
  CONSTRAINT `FK_A765AD32A76ED395` FOREIGN KEY (`user_id`) REFERENCES `compte` (`id`)
) ENGINE=InnoDB DEFAULT CHARSET=utf8 COLLATE=utf8_unicode_ci;
/*!40101 SET character_set_client = @saved_cs_client */;

--
-- Dumping data for table `Notification`
--

LOCK TABLES `Notification` WRITE;
/*!40000 ALTER TABLE `Notification` DISABLE KEYS */;
/*!40000 ALTER TABLE `Notification` ENABLE KEYS */;
UNLOCK TABLES;

--
-- Table structure for table `PharMedoc`
--

DROP TABLE IF EXISTS `PharMedoc`;
/*!40101 SET @saved_cs_client     = @@character_set_client */;
/*!40101 SET character_set_client = utf8 */;
CREATE TABLE `PharMedoc` (
  `id` int(11) NOT NULL AUTO_INCREMENT,
  `at` datetime NOT NULL,
  `active` tinyint(1) NOT NULL,
  `disponible` tinyint(1) NOT NULL,
  `quantite` int(11) NOT NULL,
  `pharmacie_id` int(11) NOT NULL,
  `medicament_id` int(11) NOT NULL,
  `prix` double NOT NULL,
  PRIMARY KEY (`id`),
  KEY `IDX_29E5BAF2BC6D351B` (`pharmacie_id`),
  KEY `IDX_29E5BAF2AB0D61F7` (`medicament_id`),
  CONSTRAINT `FK_29E5BAF2AB0D61F7` FOREIGN KEY (`medicament_id`) REFERENCES `Medicament` (`id`),
  CONSTRAINT `FK_29E5BAF2BC6D351B` FOREIGN KEY (`pharmacie_id`) REFERENCES `Pharmacie` (`id`)
) ENGINE=InnoDB AUTO_INCREMENT=1428 DEFAULT CHARSET=utf8 COLLATE=utf8_unicode_ci;
/*!40101 SET character_set_client = @saved_cs_client */;

--
-- Dumping data for table `PharMedoc`
--

LOCK TABLES `PharMedoc` WRITE;
/*!40000 ALTER TABLE `PharMedoc` DISABLE KEYS */;
INSERT INTO `PharMedoc` VALUES (852,'2015-11-22 14:17:46',1,1,784,1,11,45.25),(853,'2015-11-22 14:17:47',1,1,0,2,11,102.3),(854,'2015-11-22 14:17:47',0,0,0,4,11,0),(855,'2015-11-22 14:17:47',0,0,0,5,11,0),(856,'2015-11-22 14:17:47',1,1,0,6,11,0),(857,'2015-11-22 14:17:47',1,1,0,8,11,0),(858,'2015-11-22 14:17:47',1,1,0,9,11,0),(859,'2015-11-22 14:17:47',1,1,0,10,11,0),(860,'2015-11-22 14:17:47',0,0,0,11,11,0),(861,'2015-11-22 14:17:47',0,0,0,13,11,0),(862,'2015-11-22 14:17:47',0,0,0,14,11,0),(863,'2015-11-22 14:17:47',0,0,0,15,11,0),(864,'2015-11-22 14:17:47',0,0,0,16,11,0),(865,'2015-11-22 14:17:47',0,0,0,17,11,0),(866,'2015-11-22 14:17:47',0,0,0,18,11,0),(867,'2015-11-22 14:17:47',0,0,0,19,11,0),(868,'2015-11-22 14:17:48',0,0,0,20,11,0),(869,'2015-11-22 14:17:48',0,0,0,21,11,0),(870,'2015-11-22 14:17:48',0,0,0,23,11,0),(871,'2015-11-22 14:17:48',0,0,0,25,11,0),(872,'2015-11-22 14:17:48',0,0,0,26,11,0),(873,'2015-11-22 14:17:48',0,0,0,27,11,0),(874,'2015-11-22 14:17:48',0,0,0,28,11,0),(875,'2015-11-22 14:17:48',0,0,0,29,11,0),(876,'2015-11-22 14:17:48',0,0,0,30,11,0),(877,'2015-11-22 14:17:48',0,0,0,31,11,0),(878,'2015-11-22 14:17:48',0,0,0,32,11,0),(879,'2015-11-22 14:17:48',0,0,0,33,11,0),(880,'2015-11-22 14:17:48',0,0,0,34,11,0),(881,'2015-11-22 14:17:48',0,0,0,35,11,0),(882,'2015-11-22 14:17:48',0,0,0,36,11,0),(883,'2015-11-22 14:17:48',0,0,0,37,11,0),(884,'2015-11-22 14:17:49',0,0,0,38,11,0),(885,'2015-11-22 14:17:49',0,0,0,39,11,0),(886,'2015-11-22 14:17:49',0,0,0,40,11,0),(887,'2015-11-22 14:17:49',0,0,0,41,11,0),(888,'2015-11-22 14:17:49',0,0,0,42,11,0),(889,'2015-11-22 14:17:49',0,0,0,43,11,0),(890,'2015-11-22 14:17:49',0,0,0,44,11,0),(891,'2015-11-22 14:17:49',0,0,0,45,11,0),(892,'2015-11-22 14:17:49',0,0,0,46,11,0),(893,'2015-11-22 14:17:49',0,0,0,47,11,0),(894,'2015-11-22 14:17:49',0,0,0,48,11,0),(895,'2015-11-22 14:17:49',0,0,0,49,11,0),(896,'2015-11-22 14:17:49',0,0,0,50,11,0),(897,'2015-11-22 14:17:49',0,0,0,51,11,0),(898,'2015-11-22 14:17:49',0,0,0,52,11,0),(899,'2015-11-22 14:17:49',0,0,0,53,11,0),(900,'2015-11-22 14:17:50',0,0,0,54,11,0),(901,'2015-11-22 14:17:50',0,0,0,55,11,0),(902,'2015-11-22 14:17:50',0,0,0,56,11,0),(903,'2015-11-22 14:17:50',0,0,0,57,11,0),(904,'2015-11-22 14:17:50',0,0,0,58,11,0),(905,'2015-11-22 14:17:50',0,0,0,59,11,0),(906,'2015-11-22 14:17:50',0,0,0,60,11,0),(907,'2015-11-22 14:17:50',0,0,0,61,11,0),(908,'2015-11-22 14:17:50',0,0,0,62,11,0),(909,'2015-11-22 14:17:50',0,0,0,63,11,0),(910,'2015-11-22 14:17:50',0,0,0,64,11,0),(911,'2015-11-22 14:17:51',0,0,0,65,11,0),(912,'2015-11-22 14:17:51',0,0,0,66,11,0),(913,'2015-11-22 14:17:51',0,0,0,67,11,0),(914,'2015-11-22 14:17:51',0,0,0,68,11,0),(915,'2015-11-22 14:17:51',0,0,0,69,11,0),(916,'2015-11-22 14:17:51',0,0,0,70,11,0),(917,'2015-11-22 14:17:51',0,0,0,71,11,0),(918,'2015-11-22 14:17:51',0,0,0,72,11,0),(919,'2015-11-22 14:17:51',0,0,0,73,11,0),(920,'2015-11-22 14:17:51',0,0,0,74,11,0),(921,'2015-11-22 14:17:51',0,0,0,75,11,0),(922,'2015-11-22 14:17:51',0,0,0,76,11,0),(923,'2015-11-22 14:17:51',0,0,0,77,11,0),(924,'2015-11-22 14:17:51',0,0,0,78,11,0),(925,'2015-11-22 14:17:52',0,0,0,79,11,0),(926,'2015-11-22 14:17:52',0,0,0,80,11,0),(927,'2015-11-22 14:17:52',0,0,0,81,11,0),(928,'2015-11-22 14:17:52',0,0,0,82,11,0),(929,'2015-11-22 14:17:52',0,0,0,83,11,0),(930,'2015-11-22 14:17:52',0,0,0,84,11,0),(931,'2015-11-22 14:17:52',0,0,0,85,11,0),(932,'2015-11-22 14:17:52',0,0,0,86,11,0),(933,'2015-11-22 14:17:52',0,0,0,87,11,0),(934,'2015-11-22 14:17:52',0,0,0,88,11,0),(935,'2015-11-22 14:17:52',0,0,0,89,11,0),(936,'2015-11-22 14:17:52',0,0,0,90,11,0),(937,'2015-11-22 14:17:52',0,0,0,91,11,0),(938,'2015-11-22 14:17:52',0,0,0,92,11,0),(939,'2015-11-22 14:17:52',0,0,0,93,11,0),(940,'2015-11-22 14:17:52',0,0,0,94,11,0),(941,'2015-11-22 14:17:53',0,0,0,95,11,0),(942,'2015-11-22 14:17:53',0,0,0,96,11,0),(943,'2015-11-22 14:17:53',0,0,0,97,11,0),(944,'2015-11-22 14:17:53',0,0,0,99,11,0),(945,'2015-11-22 14:17:53',0,0,0,101,11,0),(946,'2015-11-22 14:17:53',0,0,0,102,11,0),(947,'2015-11-22 14:17:53',0,0,0,103,11,0),(948,'2015-11-23 12:48:02',1,1,0,1,12,0),(949,'2015-11-23 12:48:02',1,1,0,2,12,78),(950,'2015-11-23 12:48:02',0,0,0,4,12,0),(951,'2015-11-23 12:48:02',0,0,0,5,12,0),(952,'2015-11-23 12:48:02',1,1,0,6,12,0),(953,'2015-11-23 12:48:02',1,1,0,8,12,0),(954,'2015-11-23 12:48:02',1,1,0,9,12,0),(955,'2015-11-23 12:48:03',1,1,0,10,12,0),(956,'2015-11-23 12:48:03',0,0,0,11,12,0),(957,'2015-11-23 12:48:03',0,0,0,13,12,0),(958,'2015-11-23 12:48:03',0,0,0,14,12,0),(959,'2015-11-23 12:48:03',0,0,0,15,12,0),(960,'2015-11-23 12:48:03',0,0,0,16,12,0),(961,'2015-11-23 12:48:03',0,0,0,17,12,0),(962,'2015-11-23 12:48:03',0,0,0,18,12,0),(963,'2015-11-23 12:48:03',0,0,0,19,12,0),(964,'2015-11-23 12:48:03',0,0,0,20,12,0),(965,'2015-11-23 12:48:03',0,0,0,21,12,0),(966,'2015-11-23 12:48:03',0,0,0,23,12,0),(967,'2015-11-23 12:48:03',0,0,0,25,12,0),(968,'2015-11-23 12:48:04',0,0,0,26,12,0),(969,'2015-11-23 12:48:04',0,0,0,27,12,0),(970,'2015-11-23 12:48:04',0,0,0,28,12,0),(971,'2015-11-23 12:48:04',0,0,0,29,12,0),(972,'2015-11-23 12:48:04',0,0,0,30,12,0),(973,'2015-11-23 12:48:04',0,0,0,31,12,0),(974,'2015-11-23 12:48:04',0,0,0,32,12,0),(975,'2015-11-23 12:48:04',0,0,0,33,12,0),(976,'2015-11-23 12:48:04',0,0,0,34,12,0),(977,'2015-11-23 12:48:04',0,0,0,35,12,0),(978,'2015-11-23 12:48:04',0,0,0,36,12,0),(979,'2015-11-23 12:48:04',0,0,0,37,12,0),(980,'2015-11-23 12:48:04',0,0,0,38,12,0),(981,'2015-11-23 12:48:05',0,0,0,39,12,0),(982,'2015-11-23 12:48:05',0,0,0,40,12,0),(983,'2015-11-23 12:48:05',0,0,0,41,12,0),(984,'2015-11-23 12:48:05',0,0,0,42,12,0),(985,'2015-11-23 12:48:05',0,0,0,43,12,0),(986,'2015-11-23 12:48:05',0,0,0,44,12,0),(987,'2015-11-23 12:48:05',0,0,0,45,12,0),(988,'2015-11-23 12:48:05',0,0,0,46,12,0),(989,'2015-11-23 12:48:05',0,0,0,47,12,0),(990,'2015-11-23 12:48:05',0,0,0,48,12,0),(991,'2015-11-23 12:48:05',0,0,0,49,12,0),(992,'2015-11-23 12:48:05',0,0,0,50,12,0),(993,'2015-11-23 12:48:05',0,0,0,51,12,0),(994,'2015-11-23 12:48:05',0,0,0,52,12,0),(995,'2015-11-23 12:48:05',0,0,0,53,12,0),(996,'2015-11-23 12:48:05',0,0,0,54,12,0),(997,'2015-11-23 12:48:05',0,0,0,55,12,0),(998,'2015-11-23 12:48:05',0,0,0,56,12,0),(999,'2015-11-23 12:48:05',0,0,0,57,12,0),(1000,'2015-11-23 12:48:05',0,0,0,58,12,0),(1001,'2015-11-23 12:48:05',0,0,0,59,12,0),(1002,'2015-11-23 12:48:05',0,0,0,60,12,0),(1003,'2015-11-23 12:48:06',0,0,0,61,12,0),(1004,'2015-11-23 12:48:06',0,0,0,62,12,0),(1005,'2015-11-23 12:48:06',0,0,0,63,12,0),(1006,'2015-11-23 12:48:06',0,0,0,64,12,0),(1007,'2015-11-23 12:48:06',0,0,0,65,12,0),(1008,'2015-11-23 12:48:06',0,0,0,66,12,0),(1009,'2015-11-23 12:48:06',0,0,0,67,12,0),(1010,'2015-11-23 12:48:06',0,0,0,68,12,0),(1011,'2015-11-23 12:48:06',0,0,0,69,12,0),(1012,'2015-11-23 12:48:06',0,0,0,70,12,0),(1013,'2015-11-23 12:48:06',0,0,0,71,12,0),(1014,'2015-11-23 12:48:06',0,0,0,72,12,0),(1015,'2015-11-23 12:48:06',0,0,0,73,12,0),(1016,'2015-11-23 12:48:06',0,0,0,74,12,0),(1017,'2015-11-23 12:48:06',0,0,0,75,12,0),(1018,'2015-11-23 12:48:06',0,0,0,76,12,0),(1019,'2015-11-23 12:48:06',0,0,0,77,12,0),(1020,'2015-11-23 12:48:06',0,0,0,78,12,0),(1021,'2015-11-23 12:48:06',0,0,0,79,12,0),(1022,'2015-11-23 12:48:06',0,0,0,80,12,0),(1023,'2015-11-23 12:48:06',0,0,0,81,12,0),(1024,'2015-11-23 12:48:07',0,0,0,82,12,0),(1025,'2015-11-23 12:48:07',0,0,0,83,12,0),(1026,'2015-11-23 12:48:07',0,0,0,84,12,0),(1027,'2015-11-23 12:48:07',0,0,0,85,12,0),(1028,'2015-11-23 12:48:07',0,0,0,86,12,0),(1029,'2015-11-23 12:48:07',0,0,0,87,12,0),(1030,'2015-11-23 12:48:07',0,0,0,88,12,0),(1031,'2015-11-23 12:48:07',0,0,0,89,12,0),(1032,'2015-11-23 12:48:07',0,0,0,90,12,0),(1033,'2015-11-23 12:48:07',0,0,0,91,12,0),(1034,'2015-11-23 12:48:07',0,0,0,92,12,0),(1035,'2015-11-23 12:48:07',0,0,0,93,12,0),(1036,'2015-11-23 12:48:07',0,0,0,94,12,0),(1037,'2015-11-23 12:48:07',0,0,0,95,12,0),(1038,'2015-11-23 12:48:07',0,0,0,96,12,0),(1039,'2015-11-23 12:48:07',0,0,0,97,12,0),(1040,'2015-11-23 12:48:07',0,0,0,99,12,0),(1041,'2015-11-23 12:48:07',0,0,0,101,12,0),(1042,'2015-11-23 12:48:07',0,0,0,102,12,0),(1043,'2015-11-23 12:48:07',0,0,0,103,12,0),(1044,'2015-11-23 12:48:35',1,0,0,1,13,0),(1045,'2015-11-23 12:48:35',0,1,0,2,13,7.56),(1046,'2015-11-23 12:48:35',0,0,0,4,13,0),(1047,'2015-11-23 12:48:35',0,0,0,5,13,0),(1048,'2015-11-23 12:48:35',1,1,0,6,13,0),(1049,'2015-11-23 12:48:35',1,1,0,8,13,0),(1050,'2015-11-23 12:48:35',1,1,0,9,13,0),(1051,'2015-11-23 12:48:35',1,1,0,10,13,0),(1052,'2015-11-23 12:48:35',0,0,0,11,13,0),(1053,'2015-11-23 12:48:35',0,0,0,13,13,0),(1054,'2015-11-23 12:48:35',0,0,0,14,13,0),(1055,'2015-11-23 12:48:35',0,0,0,15,13,0),(1056,'2015-11-23 12:48:35',0,0,0,16,13,0),(1057,'2015-11-23 12:48:36',0,0,0,17,13,0),(1058,'2015-11-23 12:48:36',0,0,0,18,13,0),(1059,'2015-11-23 12:48:36',0,0,0,19,13,0),(1060,'2015-11-23 12:48:36',0,0,0,20,13,0),(1061,'2015-11-23 12:48:36',0,0,0,21,13,0),(1062,'2015-11-23 12:48:36',0,0,0,23,13,0),(1063,'2015-11-23 12:48:36',0,0,0,25,13,0),(1064,'2015-11-23 12:48:36',0,0,0,26,13,0),(1065,'2015-11-23 12:48:36',0,0,0,27,13,0),(1066,'2015-11-23 12:48:36',0,0,0,28,13,0),(1067,'2015-11-23 12:48:36',0,0,0,29,13,0),(1068,'2015-11-23 12:48:36',0,0,0,30,13,0),(1069,'2015-11-23 12:48:36',0,0,0,31,13,0),(1070,'2015-11-23 12:48:36',0,0,0,32,13,0),(1071,'2015-11-23 12:48:36',0,0,0,33,13,0),(1072,'2015-11-23 12:48:36',0,0,0,34,13,0),(1073,'2015-11-23 12:48:36',0,0,0,35,13,0),(1074,'2015-11-23 12:48:36',0,0,0,36,13,0),(1075,'2015-11-23 12:48:36',0,0,0,37,13,0),(1076,'2015-11-23 12:48:36',0,0,0,38,13,0),(1077,'2015-11-23 12:48:36',0,0,0,39,13,0),(1078,'2015-11-23 12:48:37',0,0,0,40,13,0),(1079,'2015-11-23 12:48:37',0,0,0,41,13,0),(1080,'2015-11-23 12:48:37',0,0,0,42,13,0),(1081,'2015-11-23 12:48:37',0,0,0,43,13,0),(1082,'2015-11-23 12:48:37',0,0,0,44,13,0),(1083,'2015-11-23 12:48:37',0,0,0,45,13,0),(1084,'2015-11-23 12:48:37',0,0,0,46,13,0),(1085,'2015-11-23 12:48:37',0,0,0,47,13,0),(1086,'2015-11-23 12:48:37',0,0,0,48,13,0),(1087,'2015-11-23 12:48:37',0,0,0,49,13,0),(1088,'2015-11-23 12:48:37',0,0,0,50,13,0),(1089,'2015-11-23 12:48:37',0,0,0,51,13,0),(1090,'2015-11-23 12:48:37',0,0,0,52,13,0),(1091,'2015-11-23 12:48:37',0,0,0,53,13,0),(1092,'2015-11-23 12:48:37',0,0,0,54,13,0),(1093,'2015-11-23 12:48:37',0,0,0,55,13,0),(1094,'2015-11-23 12:48:37',0,0,0,56,13,0),(1095,'2015-11-23 12:48:37',0,0,0,57,13,0),(1096,'2015-11-23 12:48:37',0,0,0,58,13,0),(1097,'2015-11-23 12:48:37',0,0,0,59,13,0),(1098,'2015-11-23 12:48:37',0,0,0,60,13,0),(1099,'2015-11-23 12:48:37',0,0,0,61,13,0),(1100,'2015-11-23 12:48:37',0,0,0,62,13,0),(1101,'2015-11-23 12:48:37',0,0,0,63,13,0),(1102,'2015-11-23 12:48:38',0,0,0,64,13,0),(1103,'2015-11-23 12:48:38',0,0,0,65,13,0),(1104,'2015-11-23 12:48:38',0,0,0,66,13,0),(1105,'2015-11-23 12:48:38',0,0,0,67,13,0),(1106,'2015-11-23 12:48:38',0,0,0,68,13,0),(1107,'2015-11-23 12:48:38',0,0,0,69,13,0),(1108,'2015-11-23 12:48:38',0,0,0,70,13,0),(1109,'2015-11-23 12:48:38',0,0,0,71,13,0),(1110,'2015-11-23 12:48:38',0,0,0,72,13,0),(1111,'2015-11-23 12:48:38',0,0,0,73,13,0),(1112,'2015-11-23 12:48:38',0,0,0,74,13,0),(1113,'2015-11-23 12:48:38',0,0,0,75,13,0),(1114,'2015-11-23 12:48:38',0,0,0,76,13,0),(1115,'2015-11-23 12:48:39',0,0,0,77,13,0),(1116,'2015-11-23 12:48:39',0,0,0,78,13,0),(1117,'2015-11-23 12:48:39',0,0,0,79,13,0),(1118,'2015-11-23 12:48:39',0,0,0,80,13,0),(1119,'2015-11-23 12:48:39',0,0,0,81,13,0),(1120,'2015-11-23 12:48:39',0,0,0,82,13,0),(1121,'2015-11-23 12:48:39',0,0,0,83,13,0),(1122,'2015-11-23 12:48:39',0,0,0,84,13,0),(1123,'2015-11-23 12:48:39',0,0,0,85,13,0),(1124,'2015-11-23 12:48:39',0,0,0,86,13,0),(1125,'2015-11-23 12:48:39',0,0,0,87,13,0),(1126,'2015-11-23 12:48:39',0,0,0,88,13,0),(1127,'2015-11-23 12:48:39',0,0,0,89,13,0),(1128,'2015-11-23 12:48:39',0,0,0,90,13,0),(1129,'2015-11-23 12:48:39',0,0,0,91,13,0),(1130,'2015-11-23 12:48:39',0,0,0,92,13,0),(1131,'2015-11-23 12:48:39',0,0,0,93,13,0),(1132,'2015-11-23 12:48:39',0,0,0,94,13,0),(1133,'2015-11-23 12:48:40',0,0,0,95,13,0),(1134,'2015-11-23 12:48:40',0,0,0,96,13,0),(1135,'2015-11-23 12:48:40',0,0,0,97,13,0),(1136,'2015-11-23 12:48:40',0,0,0,99,13,0),(1137,'2015-11-23 12:48:40',0,0,0,101,13,0),(1138,'2015-11-23 12:48:40',0,0,0,102,13,0),(1139,'2015-11-23 12:48:40',0,0,0,103,13,0),(1140,'2015-11-25 13:07:42',0,0,0,1,14,0),(1141,'2015-11-25 13:07:43',0,0,0,2,14,0),(1142,'2015-11-25 13:07:43',0,0,0,4,14,0),(1143,'2015-11-25 13:07:43',0,0,0,5,14,0),(1144,'2015-11-25 13:07:43',0,0,0,6,14,0),(1145,'2015-11-25 13:07:43',0,0,0,8,14,0),(1146,'2015-11-25 13:07:43',0,0,0,9,14,0),(1147,'2015-11-25 13:07:43',0,0,0,10,14,0),(1148,'2015-11-25 13:07:43',0,0,0,11,14,0),(1149,'2015-11-25 13:07:43',0,0,0,13,14,0),(1150,'2015-11-25 13:07:43',0,0,0,14,14,0),(1151,'2015-11-25 13:07:43',0,0,0,15,14,0),(1152,'2015-11-25 13:07:43',0,0,0,16,14,0),(1153,'2015-11-25 13:07:43',0,0,0,17,14,0),(1154,'2015-11-25 13:07:43',0,0,0,18,14,0),(1155,'2015-11-25 13:07:43',0,0,0,19,14,0),(1156,'2015-11-25 13:07:44',0,0,0,20,14,0),(1157,'2015-11-25 13:07:44',0,0,0,21,14,0),(1158,'2015-11-25 13:07:44',0,0,0,23,14,0),(1159,'2015-11-25 13:07:44',0,0,0,25,14,0),(1160,'2015-11-25 13:07:44',0,0,0,26,14,0),(1161,'2015-11-25 13:07:44',0,0,0,27,14,0),(1162,'2015-11-25 13:07:44',0,0,0,28,14,0),(1163,'2015-11-25 13:07:44',0,0,0,29,14,0),(1164,'2015-11-25 13:07:44',0,0,0,30,14,0),(1165,'2015-11-25 13:07:44',0,0,0,31,14,0),(1166,'2015-11-25 13:07:44',0,0,0,32,14,0),(1167,'2015-11-25 13:07:44',0,0,0,33,14,0),(1168,'2015-11-25 13:07:44',0,0,0,34,14,0),(1169,'2015-11-25 13:07:44',0,0,0,35,14,0),(1170,'2015-11-25 13:07:44',0,0,0,36,14,0),(1171,'2015-11-25 13:07:45',0,0,0,37,14,0),(1172,'2015-11-25 13:07:45',0,0,0,38,14,0),(1173,'2015-11-25 13:07:45',0,0,0,39,14,0),(1174,'2015-11-25 13:07:45',0,0,0,40,14,0),(1175,'2015-11-25 13:07:45',0,0,0,41,14,0),(1176,'2015-11-25 13:07:45',0,0,0,42,14,0),(1177,'2015-11-25 13:07:45',0,0,0,43,14,0),(1178,'2015-11-25 13:07:45',0,0,0,44,14,0),(1179,'2015-11-25 13:07:45',0,0,0,45,14,0),(1180,'2015-11-25 13:07:45',0,0,0,46,14,0),(1181,'2015-11-25 13:07:45',0,0,0,47,14,0),(1182,'2015-11-25 13:07:45',0,0,0,48,14,0),(1183,'2015-11-25 13:07:45',0,0,0,49,14,0),(1184,'2015-11-25 13:07:45',0,0,0,50,14,0),(1185,'2015-11-25 13:07:45',0,0,0,51,14,0),(1186,'2015-11-25 13:07:46',0,0,0,52,14,0),(1187,'2015-11-25 13:07:46',0,0,0,53,14,0),(1188,'2015-11-25 13:07:46',0,0,0,54,14,0),(1189,'2015-11-25 13:07:46',0,0,0,55,14,0),(1190,'2015-11-25 13:07:46',0,0,0,56,14,0),(1191,'2015-11-25 13:07:46',0,0,0,57,14,0),(1192,'2015-11-25 13:07:46',0,0,0,58,14,0),(1193,'2015-11-25 13:07:46',0,0,0,59,14,0),(1194,'2015-11-25 13:07:46',0,0,0,60,14,0),(1195,'2015-11-25 13:07:46',0,0,0,61,14,0),(1196,'2015-11-25 13:07:46',0,0,0,62,14,0),(1197,'2015-11-25 13:07:46',0,0,0,63,14,0),(1198,'2015-11-25 13:07:46',0,0,0,64,14,0),(1199,'2015-11-25 13:07:46',0,0,0,65,14,0),(1200,'2015-11-25 13:07:47',0,0,0,66,14,0),(1201,'2015-11-25 13:07:47',0,0,0,67,14,0),(1202,'2015-11-25 13:07:47',0,0,0,68,14,0),(1203,'2015-11-25 13:07:47',0,0,0,69,14,0),(1204,'2015-11-25 13:07:47',0,0,0,70,14,0),(1205,'2015-11-25 13:07:47',0,0,0,71,14,0),(1206,'2015-11-25 13:07:47',0,0,0,72,14,0),(1207,'2015-11-25 13:07:47',0,0,0,73,14,0),(1208,'2015-11-25 13:07:47',0,0,0,74,14,0),(1209,'2015-11-25 13:07:47',0,0,0,75,14,0),(1210,'2015-11-25 13:07:47',0,0,0,76,14,0),(1211,'2015-11-25 13:07:47',0,0,0,77,14,0),(1212,'2015-11-25 13:07:47',0,0,0,78,14,0),(1213,'2015-11-25 13:07:47',0,0,0,79,14,0),(1214,'2015-11-25 13:07:47',0,0,0,80,14,0),(1215,'2015-11-25 13:07:48',0,0,0,81,14,0),(1216,'2015-11-25 13:07:48',0,0,0,82,14,0),(1217,'2015-11-25 13:07:48',0,0,0,83,14,0),(1218,'2015-11-25 13:07:48',0,0,0,84,14,0),(1219,'2015-11-25 13:07:48',0,0,0,85,14,0),(1220,'2015-11-25 13:07:48',0,0,0,86,14,0),(1221,'2015-11-25 13:07:48',0,0,0,87,14,0),(1222,'2015-11-25 13:07:48',0,0,0,88,14,0),(1223,'2015-11-25 13:07:48',0,0,0,89,14,0),(1224,'2015-11-25 13:07:48',0,0,0,90,14,0),(1225,'2015-11-25 13:07:48',0,0,0,91,14,0),(1226,'2015-11-25 13:07:48',0,0,0,92,14,0),(1227,'2015-11-25 13:07:48',0,0,0,93,14,0),(1228,'2015-11-25 13:07:48',0,0,0,94,14,0),(1229,'2015-11-25 13:07:48',0,0,0,95,14,0),(1230,'2015-11-25 13:07:49',0,0,0,96,14,0),(1231,'2015-11-25 13:07:49',0,0,0,97,14,0),(1232,'2015-11-25 13:07:49',0,0,0,99,14,0),(1233,'2015-11-25 13:07:49',0,0,0,101,14,0),(1234,'2015-11-25 13:07:49',0,0,0,102,14,0),(1235,'2015-11-25 13:07:49',0,0,0,103,14,0),(1236,'2015-11-26 15:53:18',0,0,0,1,15,0),(1237,'2015-11-26 15:53:18',0,0,0,2,15,0),(1238,'2015-11-26 15:53:18',0,0,0,4,15,0),(1239,'2015-11-26 15:53:18',0,0,0,5,15,0),(1240,'2015-11-26 15:53:18',0,0,0,6,15,0),(1241,'2015-11-26 15:53:18',0,0,0,8,15,0),(1242,'2015-11-26 15:53:18',0,0,0,9,15,0),(1243,'2015-11-26 15:53:18',0,0,0,10,15,0),(1244,'2015-11-26 15:53:18',0,0,0,11,15,0),(1245,'2015-11-26 15:53:18',0,0,0,13,15,0),(1246,'2015-11-26 15:53:18',0,0,0,14,15,0),(1247,'2015-11-26 15:53:18',0,0,0,15,15,0),(1248,'2015-11-26 15:53:18',0,0,0,16,15,0),(1249,'2015-11-26 15:53:19',0,0,0,17,15,0),(1250,'2015-11-26 15:53:19',0,0,0,18,15,0),(1251,'2015-11-26 15:53:19',0,0,0,19,15,0),(1252,'2015-11-26 15:53:19',0,0,0,20,15,0),(1253,'2015-11-26 15:53:19',0,0,0,21,15,0),(1254,'2015-11-26 15:53:19',0,0,0,23,15,0),(1255,'2015-11-26 15:53:19',0,0,0,25,15,0),(1256,'2015-11-26 15:53:19',0,0,0,26,15,0),(1257,'2015-11-26 15:53:19',0,0,0,27,15,0),(1258,'2015-11-26 15:53:19',0,0,0,28,15,0),(1259,'2015-11-26 15:53:19',0,0,0,29,15,0),(1260,'2015-11-26 15:53:19',0,0,0,30,15,0),(1261,'2015-11-26 15:53:19',0,0,0,31,15,0),(1262,'2015-11-26 15:53:19',0,0,0,32,15,0),(1263,'2015-11-26 15:53:19',0,0,0,33,15,0),(1264,'2015-11-26 15:53:19',0,0,0,34,15,0),(1265,'2015-11-26 15:53:19',0,0,0,35,15,0),(1266,'2015-11-26 15:53:19',0,0,0,36,15,0),(1267,'2015-11-26 15:53:19',0,0,0,37,15,0),(1268,'2015-11-26 15:53:19',0,0,0,38,15,0),(1269,'2015-11-26 15:53:19',0,0,0,39,15,0),(1270,'2015-11-26 15:53:20',0,0,0,40,15,0),(1271,'2015-11-26 15:53:20',0,0,0,41,15,0),(1272,'2015-11-26 15:53:20',0,0,0,42,15,0),(1273,'2015-11-26 15:53:20',0,0,0,43,15,0),(1274,'2015-11-26 15:53:20',0,0,0,44,15,0),(1275,'2015-11-26 15:53:20',0,0,0,45,15,0),(1276,'2015-11-26 15:53:20',0,0,0,46,15,0),(1277,'2015-11-26 15:53:20',0,0,0,47,15,0),(1278,'2015-11-26 15:53:20',0,0,0,48,15,0),(1279,'2015-11-26 15:53:20',0,0,0,49,15,0),(1280,'2015-11-26 15:53:20',0,0,0,50,15,0),(1281,'2015-11-26 15:53:20',0,0,0,51,15,0),(1282,'2015-11-26 15:53:20',0,0,0,52,15,0),(1283,'2015-11-26 15:53:20',0,0,0,53,15,0),(1284,'2015-11-26 15:53:20',0,0,0,54,15,0),(1285,'2015-11-26 15:53:20',0,0,0,55,15,0),(1286,'2015-11-26 15:53:20',0,0,0,56,15,0),(1287,'2015-11-26 15:53:20',0,0,0,57,15,0),(1288,'2015-11-26 15:53:20',0,0,0,58,15,0),(1289,'2015-11-26 15:53:21',0,0,0,59,15,0),(1290,'2015-11-26 15:53:21',0,0,0,60,15,0),(1291,'2015-11-26 15:53:21',0,0,0,61,15,0),(1292,'2015-11-26 15:53:21',0,0,0,62,15,0),(1293,'2015-11-26 15:53:21',0,0,0,63,15,0),(1294,'2015-11-26 15:53:21',0,0,0,64,15,0),(1295,'2015-11-26 15:53:21',0,0,0,65,15,0),(1296,'2015-11-26 15:53:21',0,0,0,66,15,0),(1297,'2015-11-26 15:53:21',0,0,0,67,15,0),(1298,'2015-11-26 15:53:21',0,0,0,68,15,0),(1299,'2015-11-26 15:53:21',0,0,0,69,15,0),(1300,'2015-11-26 15:53:21',0,0,0,70,15,0),(1301,'2015-11-26 15:53:21',0,0,0,71,15,0),(1302,'2015-11-26 15:53:21',0,0,0,72,15,0),(1303,'2015-11-26 15:53:21',0,0,0,73,15,0),(1304,'2015-11-26 15:53:21',0,0,0,74,15,0),(1305,'2015-11-26 15:53:21',0,0,0,75,15,0),(1306,'2015-11-26 15:53:21',0,0,0,76,15,0),(1307,'2015-11-26 15:53:21',0,0,0,77,15,0),(1308,'2015-11-26 15:53:21',0,0,0,78,15,0),(1309,'2015-11-26 15:53:21',0,0,0,79,15,0),(1310,'2015-11-26 15:53:22',0,0,0,80,15,0),(1311,'2015-11-26 15:53:22',0,0,0,81,15,0),(1312,'2015-11-26 15:53:22',0,0,0,82,15,0),(1313,'2015-11-26 15:53:22',0,0,0,83,15,0),(1314,'2015-11-26 15:53:22',0,0,0,84,15,0),(1315,'2015-11-26 15:53:22',0,0,0,85,15,0),(1316,'2015-11-26 15:53:22',0,0,0,86,15,0),(1317,'2015-11-26 15:53:22',0,0,0,87,15,0),(1318,'2015-11-26 15:53:22',0,0,0,88,15,0),(1319,'2015-11-26 15:53:22',0,0,0,89,15,0),(1320,'2015-11-26 15:53:22',0,0,0,90,15,0),(1321,'2015-11-26 15:53:22',0,0,0,91,15,0),(1322,'2015-11-26 15:53:22',0,0,0,92,15,0),(1323,'2015-11-26 15:53:22',0,0,0,93,15,0),(1324,'2015-11-26 15:53:22',0,0,0,94,15,0),(1325,'2015-11-26 15:53:22',0,0,0,95,15,0),(1326,'2015-11-26 15:53:22',0,0,0,96,15,0),(1327,'2015-11-26 15:53:22',0,0,0,97,15,0),(1328,'2015-11-26 15:53:22',0,0,0,99,15,0),(1329,'2015-11-26 15:53:22',0,0,0,101,15,0),(1330,'2015-11-26 15:53:22',0,0,0,102,15,0),(1331,'2015-11-26 15:53:22',0,0,0,103,15,0),(1332,'2015-11-26 15:54:14',0,0,0,1,16,0),(1333,'2015-11-26 15:54:14',0,0,0,2,16,0),(1334,'2015-11-26 15:54:14',0,0,0,4,16,0),(1335,'2015-11-26 15:54:14',0,0,0,5,16,0),(1336,'2015-11-26 15:54:14',0,0,0,6,16,0),(1337,'2015-11-26 15:54:14',0,0,0,8,16,0),(1338,'2015-11-26 15:54:14',0,0,0,9,16,0),(1339,'2015-11-26 15:54:15',0,0,0,10,16,0),(1340,'2015-11-26 15:54:15',0,0,0,11,16,0),(1341,'2015-11-26 15:54:15',0,0,0,13,16,0),(1342,'2015-11-26 15:54:15',0,0,0,14,16,0),(1343,'2015-11-26 15:54:15',0,0,0,15,16,0),(1344,'2015-11-26 15:54:15',0,0,0,16,16,0),(1345,'2015-11-26 15:54:15',0,0,0,17,16,0),(1346,'2015-11-26 15:54:15',0,0,0,18,16,0),(1347,'2015-11-26 15:54:15',0,0,0,19,16,0),(1348,'2015-11-26 15:54:17',0,0,0,20,16,0),(1349,'2015-11-26 15:54:17',0,0,0,21,16,0),(1350,'2015-11-26 15:54:17',0,0,0,23,16,0),(1351,'2015-11-26 15:54:17',0,0,0,25,16,0),(1352,'2015-11-26 15:54:17',0,0,0,26,16,0),(1353,'2015-11-26 15:54:17',0,0,0,27,16,0),(1354,'2015-11-26 15:54:17',0,0,0,28,16,0),(1355,'2015-11-26 15:54:17',0,0,0,29,16,0),(1356,'2015-11-26 15:54:17',0,0,0,30,16,0),(1357,'2015-11-26 15:54:17',0,0,0,31,16,0),(1358,'2015-11-26 15:54:17',0,0,0,32,16,0),(1359,'2015-11-26 15:54:17',0,0,0,33,16,0),(1360,'2015-11-26 15:54:17',0,0,0,34,16,0),(1361,'2015-11-26 15:54:17',0,0,0,35,16,0),(1362,'2015-11-26 15:54:17',0,0,0,36,16,0),(1363,'2015-11-26 15:54:17',0,0,0,37,16,0),(1364,'2015-11-26 15:54:18',0,0,0,38,16,0),(1365,'2015-11-26 15:54:18',0,0,0,39,16,0),(1366,'2015-11-26 15:54:18',0,0,0,40,16,0),(1367,'2015-11-26 15:54:18',0,0,0,41,16,0),(1368,'2015-11-26 15:54:18',0,0,0,42,16,0),(1369,'2015-11-26 15:54:18',0,0,0,43,16,0),(1370,'2015-11-26 15:54:18',0,0,0,44,16,0),(1371,'2015-11-26 15:54:18',0,0,0,45,16,0),(1372,'2015-11-26 15:54:18',0,0,0,46,16,0),(1373,'2015-11-26 15:54:18',0,0,0,47,16,0),(1374,'2015-11-26 15:54:18',0,0,0,48,16,0),(1375,'2015-11-26 15:54:18',0,0,0,49,16,0),(1376,'2015-11-26 15:54:18',0,0,0,50,16,0),(1377,'2015-11-26 15:54:18',0,0,0,51,16,0),(1378,'2015-11-26 15:54:18',0,0,0,52,16,0),(1379,'2015-11-26 15:54:18',0,0,0,53,16,0),(1380,'2015-11-26 15:54:18',0,0,0,54,16,0),(1381,'2015-11-26 15:54:18',0,0,0,55,16,0),(1382,'2015-11-26 15:54:18',0,0,0,56,16,0),(1383,'2015-11-26 15:54:19',0,0,0,57,16,0),(1384,'2015-11-26 15:54:19',0,0,0,58,16,0),(1385,'2015-11-26 15:54:19',0,0,0,59,16,0),(1386,'2015-11-26 15:54:19',0,0,0,60,16,0),(1387,'2015-11-26 15:54:19',0,0,0,61,16,0),(1388,'2015-11-26 15:54:19',0,0,0,62,16,0),(1389,'2015-11-26 15:54:19',0,0,0,63,16,0),(1390,'2015-11-26 15:54:19',0,0,0,64,16,0),(1391,'2015-11-26 15:54:19',0,0,0,65,16,0),(1392,'2015-11-26 15:54:19',0,0,0,66,16,0),(1393,'2015-11-26 15:54:19',0,0,0,67,16,0),(1394,'2015-11-26 15:54:19',0,0,0,68,16,0),(1395,'2015-11-26 15:54:19',0,0,0,69,16,0),(1396,'2015-11-26 15:54:19',0,0,0,70,16,0),(1397,'2015-11-26 15:54:19',0,0,0,71,16,0),(1398,'2015-11-26 15:54:19',0,0,0,72,16,0),(1399,'2015-11-26 15:54:19',0,0,0,73,16,0),(1400,'2015-11-26 15:54:19',0,0,0,74,16,0),(1401,'2015-11-26 15:54:19',0,0,0,75,16,0),(1402,'2015-11-26 15:54:19',0,0,0,76,16,0),(1403,'2015-11-26 15:54:19',0,0,0,77,16,0),(1404,'2015-11-26 15:54:20',0,0,0,78,16,0),(1405,'2015-11-26 15:54:20',0,0,0,79,16,0),(1406,'2015-11-26 15:54:20',0,0,0,80,16,0),(1407,'2015-11-26 15:54:20',0,0,0,81,16,0),(1408,'2015-11-26 15:54:20',0,0,0,82,16,0),(1409,'2015-11-26 15:54:20',0,0,0,83,16,0),(1410,'2015-11-26 15:54:20',0,0,0,84,16,0),(1411,'2015-11-26 15:54:20',0,0,0,85,16,0),(1412,'2015-11-26 15:54:20',0,0,0,86,16,0),(1413,'2015-11-26 15:54:20',0,0,0,87,16,0),(1414,'2015-11-26 15:54:20',0,0,0,88,16,0),(1415,'2015-11-26 15:54:20',0,0,0,89,16,0),(1416,'2015-11-26 15:54:20',0,0,0,90,16,0),(1417,'2015-11-26 15:54:20',0,0,0,91,16,0),(1418,'2015-11-26 15:54:20',0,0,0,92,16,0),(1419,'2015-11-26 15:54:20',0,0,0,93,16,0),(1420,'2015-11-26 15:54:20',0,0,0,94,16,0),(1421,'2015-11-26 15:54:20',0,0,0,95,16,0),(1422,'2015-11-26 15:54:20',0,0,0,96,16,0),(1423,'2015-11-26 15:54:20',0,0,0,97,16,0),(1424,'2015-11-26 15:54:21',0,0,0,99,16,0),(1425,'2015-11-26 15:54:21',0,0,0,101,16,0),(1426,'2015-11-26 15:54:21',0,0,0,102,16,0),(1427,'2015-11-26 15:54:21',0,0,0,103,16,0);
/*!40000 ALTER TABLE `PharMedoc` ENABLE KEYS */;
UNLOCK TABLES;

--
-- Table structure for table `Pharmacie`
--

DROP TABLE IF EXISTS `Pharmacie`;
/*!40101 SET @saved_cs_client     = @@character_set_client */;
/*!40101 SET character_set_client = utf8 */;
CREATE TABLE `Pharmacie` (
  `id` int(11) NOT NULL AUTO_INCREMENT,
  `quartier_id` int(11) DEFAULT NULL,
  `responsable_id` int(11) DEFAULT NULL,
  `matricule` varchar(100) COLLATE utf8_unicode_ci NOT NULL,
  `nom` varchar(255) COLLATE utf8_unicode_ci NOT NULL,
  `adresse` longtext COLLATE utf8_unicode_ci NOT NULL,
  `reference` longtext COLLATE utf8_unicode_ci NOT NULL,
  `active` tinyint(1) NOT NULL,
  `at` datetime NOT NULL,
  `image` varchar(255) COLLATE utf8_unicode_ci DEFAULT NULL,
  PRIMARY KEY (`id`),
  UNIQUE KEY `UNIQ_DD30169712B2DC9C` (`matricule`),
  KEY `IDX_DD30169753C59D72` (`responsable_id`),
  KEY `FK_DD301697E8009AA3` (`quartier_id`),
  CONSTRAINT `FK_DD30169753C59D72` FOREIGN KEY (`responsable_id`) REFERENCES `Responsable` (`id`),
  CONSTRAINT `FK_DD301697E8009AA3` FOREIGN KEY (`quartier_id`) REFERENCES `Quartier` (`id`)
) ENGINE=InnoDB AUTO_INCREMENT=104 DEFAULT CHARSET=utf8 COLLATE=utf8_unicode_ci;
/*!40101 SET character_set_client = @saved_cs_client */;

--
-- Dumping data for table `Pharmacie`
--

LOCK TABLES `Pharmacie` WRITE;
/*!40000 ALTER TABLE `Pharmacie` DISABLE KEYS */;
INSERT INTO `Pharmacie` VALUES (1,25,2,'PHAR00001','PharmaCopey','33 Rue Brahim Annakhai - Casablanca','Boutique Mounier&Bouvard',0,'2015-09-24 17:56:29','img/default-pharmacie.png'),(2,36,3,'PHAR00002','ALLA Pharmacie','78 rue mohamed Zakaria','Non loin de twin center;entrée maarif',0,'2015-09-24 18:10:08','img/default-pharmacie.png'),(4,18,NULL,'PHAR00004','Songbird','806 Columbus Place, Greenwich, Oklahoma, 9733','Duis deserunt ullamco enim proident pariatur commodo ex aliqua et Lorem et ad aute proident.',0,'2015-09-25 16:44:38','img/default-pharmacie.png'),(5,8,5,'PHAR00005','Zogak','176 Hornell Loop, Gloucester, Arizona, 7186','Minim proident fugiat minim est.',0,'2015-09-25 16:44:38','img/default-pharmacie.png'),(6,2,NULL,'PHAR00006','Luxuria','366 Seagate Avenue, Bethany, Rhode Island, 5858','Sit incididunt non culpa ullamco excepteur excepteur.',0,'2015-09-25 16:44:38','img/default-pharmacie.png'),(8,49,NULL,'PHAR00008','Renovize','905 Rogers Avenue, Faxon, Arkansas, 9950','Cillum cillum nostrud proident labore est occaecat ipsum est incididunt.',0,'2015-09-25 16:44:38','img/default-pharmacie.png'),(9,65,6,'PHAR00009','Chorizon','492 Lewis Avenue, Mahtowa, Missouri, 4634','Ullamco duis dolore deserunt reprehenderit velit occaecat sunt nostrud.',0,'2015-09-25 16:44:39','img/default-pharmacie.png'),(10,36,7,'PHAR00010','Opportech','383 Bartlett Place, Unionville, Delaware, 6198','Commodo excepteur dolor consequat consectetur esse fugiat.',0,'2015-09-25 16:44:39','img/default-pharmacie.png'),(11,42,8,'PHAR00011','Pharmex','919 Hall Street, Monument, Louisiana, 3818','Lorem eu et eu in consectetur ut laboris nulla.',0,'2015-09-25 16:44:39','img/default-pharmacie.png'),(13,NULL,NULL,'PHAR00013','Imperium','559 Delmonico Place, Silkworth, Alaska, 2388','Lorem qui eiusmod Lorem aute laborum nisi aliqua id nisi fugiat aute exercitation aute.',0,'2015-09-27 12:54:41','img/default-pharmacie.png'),(14,NULL,NULL,'PHAR00014','Icology','199 Fountain Avenue, Williams, New Hampshire, 5235','Esse ipsum irure consectetur velit occaecat sit duis.',0,'2015-09-27 12:54:42','img/default-pharmacie.png'),(15,NULL,NULL,'PHAR00015','Gadtron','803 Greenpoint Avenue, Deputy, Federated States Of Micronesia, 4691','Sit ipsum mollit elit tempor.',0,'2015-09-27 12:54:42','img/default-pharmacie.png'),(16,NULL,NULL,'PHAR00016','Confrenzy','287 Argyle Road, Detroit, Wyoming, 3903','Voluptate fugiat culpa aliqua dolore cillum aute nulla nulla laboris cupidatat ea.',0,'2015-09-27 12:54:42','img/default-pharmacie.png'),(17,NULL,NULL,'PHAR00017','Interfind','906 Nostrand Avenue, Hardyville, District Of Columbia, 8416','Magna sunt id ea duis qui minim veniam qui aliqua cupidatat eu qui adipisicing.',0,'2015-09-27 12:54:42','img/default-pharmacie.png'),(18,NULL,NULL,'PHAR00018','Urbanshee','742 Dekalb Avenue, Stollings, Mississippi, 7587','Est in velit id aute labore pariatur.',0,'2015-09-27 12:54:42','img/default-pharmacie.png'),(19,NULL,NULL,'PHAR00019','Dadabase','277 Kensington Street, Caroleen, Nevada, 441','Occaecat in eiusmod laboris deserunt quis consequat labore sint.',0,'2015-09-27 12:54:42','img/default-pharmacie.png'),(20,NULL,NULL,'PHAR00020','Solaren','478 Granite Street, Greer, North Dakota, 7359','Elit ad in reprehenderit sit culpa reprehenderit.',0,'2015-09-27 12:54:43','img/default-pharmacie.png'),(21,NULL,NULL,'PHAR00021','Inquala','942 Hinckley Place, Montura, Utah, 6527','Est Lorem fugiat qui aliquip elit qui exercitation.',0,'2015-09-27 12:54:43','img/default-pharmacie.png'),(23,NULL,NULL,'PHAR00023','Zaggles','921 Irvington Place, Canoochee, Iowa, 8603','Labore magna magna qui pariatur pariatur.',0,'2015-09-27 12:54:43','img/default-pharmacie.png'),(25,39,NULL,'PHAR00025','Gleamink','386 Huntington Street, Rote, Montana, 9904','Deserunt ex velit fugiat do sit adipisicing aliqua voluptate deserunt consequat commodo qui occaecat.',0,'2015-09-27 12:54:43','img/default-pharmacie.png'),(26,18,NULL,'PHAR00026','Kineticut','381 Aitken Place, Wanship, Puerto Rico, 5180','Deserunt eu occaecat voluptate tempor nostrud cillum commodo cupidatat fugiat ut tempor fugiat magna occaecat.',0,'2015-09-27 12:54:43','img/default-pharmacie.png'),(27,NULL,NULL,'PHAR00027','Undertap','919 Newkirk Avenue, Otranto, American Samoa, 3863','Consectetur anim velit do nostrud officia commodo fugiat qui ea.',0,'2015-09-27 12:54:43','img/default-pharmacie.png'),(28,NULL,NULL,'PHAR00028','Fiberox','909 Cranberry Street, Lynn, Tennessee, 560','Anim nisi labore officia laborum pariatur nostrud.',0,'2015-09-27 12:54:44','img/default-pharmacie.png'),(29,NULL,NULL,'PHAR00029','Quiltigen','382 Hausman Street, Cedarville, Massachusetts, 8645','Dolore fugiat eiusmod ipsum sint.',0,'2015-09-27 12:54:44','img/default-pharmacie.png'),(30,NULL,NULL,'PHAR00030','Farmex','752 Oakland Place, Shindler, Maine, 4000','Occaecat ut nostrud ad qui excepteur esse proident cupidatat ullamco sint officia dolore reprehenderit.',0,'2015-09-27 12:54:44','img/default-pharmacie.png'),(31,NULL,NULL,'PHAR00031','Ziore','918 Lee Avenue, Conestoga, Georgia, 787','Minim dolor pariatur aute cupidatat.',0,'2015-09-27 12:54:44','img/default-pharmacie.png'),(32,NULL,NULL,'PHAR00032','Mantrix','405 Victor Road, Cressey, West Virginia, 6895','Culpa quis labore enim cupidatat.',0,'2015-09-27 12:54:44','img/default-pharmacie.png'),(33,NULL,NULL,'PHAR00033','Octocore','555 Ryerson Street, Brutus, Kentucky, 7551','Sint exercitation veniam minim id sit reprehenderit cillum amet.',0,'2015-09-27 12:54:44','img/default-pharmacie.png'),(34,NULL,NULL,'PHAR00034','Ronelon','205 Clifton Place, Hiko, Guam, 9126','Lorem eu veniam nisi velit ullamco ipsum exercitation velit ad tempor esse aliqua aute ex.',0,'2015-09-27 12:54:44','img/default-pharmacie.png'),(35,NULL,NULL,'PHAR00035','Sustenza','112 Dupont Street, Sheatown, Michigan, 6740','Tempor cupidatat magna irure deserunt consectetur culpa id esse sint nulla laboris minim Lorem.',0,'2015-09-27 12:54:44','img/default-pharmacie.png'),(36,NULL,NULL,'PHAR00036','Imant','879 Eckford Street, Waterford, Maryland, 1120','Nisi non commodo eiusmod laborum officia exercitation proident commodo esse veniam mollit reprehenderit consequat Lorem.',0,'2015-09-27 12:54:45','img/default-pharmacie.png'),(37,NULL,NULL,'PHAR00037','Automon','520 Bethel Loop, Remington, Kansas, 4777','Sit laborum nulla cupidatat nostrud amet.',0,'2015-09-27 12:54:45','img/default-pharmacie.png'),(38,NULL,NULL,'PHAR00038','Bolax','470 Everit Street, Kenvil, Alabama, 281','Id minim esse do consectetur laborum qui.',0,'2015-09-27 12:54:45','img/default-pharmacie.png'),(39,NULL,NULL,'PHAR00039','Sentia','271 Atkins Avenue, Eggertsville, Ohio, 3013','Incididunt sint incididunt sit dolor occaecat ex quis do fugiat irure commodo ex enim qui.',0,'2015-09-27 12:54:45','img/default-pharmacie.png'),(40,NULL,NULL,'PHAR00040','Waretel','837 Melba Court, Kenwood, Illinois, 8807','Pariatur ea cillum quis officia ad occaecat do consequat ea.',0,'2015-09-27 12:54:45','img/default-pharmacie.png'),(41,NULL,NULL,'PHAR00041','Illumity','774 Logan Street, Loretto, Marshall Islands, 1367','Est ipsum esse culpa qui dolor sit consequat voluptate anim sint.',0,'2015-09-27 12:54:46','img/default-pharmacie.png'),(42,NULL,NULL,'PHAR00042','Franscene','220 Cheever Place, Roland, Pennsylvania, 6309','Non est mollit ullamco sit est pariatur culpa.',0,'2015-09-27 12:54:46','img/default-pharmacie.png'),(43,NULL,NULL,'PHAR00043','Avenetro','844 Furman Street, Hayden, South Carolina, 5700','Do cillum labore est ullamco minim voluptate aliquip aliquip sint commodo veniam ex fugiat irure.',0,'2015-09-27 12:54:46','img/default-pharmacie.png'),(44,NULL,NULL,'PHAR00044','Elentrix','806 Ryder Avenue, Hiwasse, Florida, 761','Incididunt pariatur aliqua quis nostrud sit velit aliquip consequat occaecat sunt consequat excepteur exercitation in.',0,'2015-09-27 12:54:46','img/default-pharmacie.png'),(45,NULL,NULL,'PHAR00045','Katakana','564 Windsor Place, Brule, Virgin Islands, 1944','Dolor culpa nostrud laborum consectetur minim sit.',0,'2015-09-27 12:54:46','img/default-pharmacie.png'),(46,NULL,NULL,'PHAR00046','Bedlam','163 Lamont Court, Cutter, California, 3083','Duis enim esse elit pariatur.',0,'2015-09-27 12:54:46','img/default-pharmacie.png'),(47,NULL,NULL,'PHAR00047','Rubadub','724 Elmwood Avenue, Holtville, Northern Mariana Islands, 9337','Et proident consequat aliquip cupidatat non.',0,'2015-09-27 12:54:46','img/default-pharmacie.png'),(48,NULL,NULL,'PHAR00048','Straloy','150 Riverdale Avenue, Canterwood, New Mexico, 9180','Fugiat aute nulla Lorem duis reprehenderit.',0,'2015-09-27 12:54:46','img/default-pharmacie.png'),(49,NULL,NULL,'PHAR00049','Sloganaut','561 Navy Street, Ironton, Connecticut, 5834','Cupidatat adipisicing Lorem enim mollit mollit.',0,'2015-09-27 12:54:47','img/default-pharmacie.png'),(50,NULL,NULL,'PHAR00050','Myopium','310 Murdock Court, Utting, Colorado, 1213','Ipsum quis velit qui consectetur nostrud occaecat.',0,'2015-09-27 12:54:47','img/default-pharmacie.png'),(51,NULL,NULL,'PHAR00051','Enersol','212 Hewes Street, Lutsen, Oregon, 3182','Esse irure enim ullamco id cupidatat eiusmod aliqua commodo sit incididunt duis non.',0,'2015-09-27 12:54:47','img/default-pharmacie.png'),(52,NULL,NULL,'PHAR00052','Acrodance','317 Madison Place, Gardiner, North Carolina, 7807','Pariatur dolor et dolor velit consequat non qui dolore aute minim proident id nisi ea.',0,'2015-09-27 12:54:47','img/default-pharmacie.png'),(53,NULL,NULL,'PHAR00053','Capscreen','113 Minna Street, Enetai, Indiana, 4805','Sunt ipsum est sint non aliquip ipsum sunt esse cupidatat quis.',0,'2015-09-27 12:54:47','img/default-pharmacie.png'),(54,NULL,NULL,'PHAR00054','Deepends','707 Fleet Walk, Gila, Texas, 1909','Fugiat labore officia amet aute adipisicing pariatur aliqua minim.',0,'2015-09-27 12:54:47','img/default-pharmacie.png'),(55,NULL,NULL,'PHAR00055','Utarian','515 Cumberland Street, Martinsville, Palau, 3480','Labore consequat velit reprehenderit aute occaecat nostrud exercitation minim excepteur ad nisi officia nulla.',0,'2015-09-27 12:54:47','img/default-pharmacie.png'),(56,NULL,NULL,'PHAR00056','Ecolight','831 Shale Street, Nash, South Dakota, 3097','Ad laboris qui sunt nulla laboris exercitation.',0,'2015-09-27 12:54:47','img/default-pharmacie.png'),(57,NULL,NULL,'PHAR00057','Isopop','771 Chester Court, Lloyd, Vermont, 2555','Dolore anim cupidatat esse commodo tempor et id mollit duis consequat ex incididunt ullamco minim.',0,'2015-09-27 12:54:48','img/default-pharmacie.png'),(58,NULL,NULL,'PHAR00058','Klugger','543 Ide Court, Kula, Virginia, 128','Sint occaecat elit enim proident sint occaecat est eu pariatur labore qui eu exercitation.',0,'2015-09-27 12:54:48','img/default-pharmacie.png'),(59,NULL,NULL,'PHAR00059','Steelfab','403 Wakeman Place, Brantleyville, Minnesota, 7219','Cillum proident dolore cupidatat ullamco magna.',0,'2015-09-27 12:54:48','img/default-pharmacie.png'),(60,NULL,NULL,'PHAR00060','Mitroc','981 Grant Avenue, Caroline, Idaho, 5454','Eiusmod do magna ullamco ad sit ipsum quis elit excepteur fugiat sit commodo.',0,'2015-09-27 12:54:48','img/default-pharmacie.png'),(61,NULL,NULL,'PHAR00061','Assurity','794 Doone Court, Cashtown, New York, 639','Amet officia officia nulla voluptate voluptate velit commodo labore consequat do fugiat deserunt ullamco.',0,'2015-09-27 12:54:48','img/default-pharmacie.png'),(62,NULL,NULL,'PHAR00062','Uni','195 Farragut Road, Frystown, Oklahoma, 1674','Pariatur veniam enim ut sint nisi culpa veniam cupidatat qui.',0,'2015-09-27 12:54:48','img/default-pharmacie.png'),(63,NULL,NULL,'PHAR00063','Pathways','193 Garden Street, Belgreen, Arizona, 5704','Duis enim irure deserunt et mollit sint velit labore ut tempor.',0,'2015-09-27 12:54:48','img/default-pharmacie.png'),(64,NULL,NULL,'PHAR00064','Zillan','381 Clermont Avenue, Marion, Rhode Island, 1146','Consectetur est ullamco mollit sit proident laborum quis elit commodo veniam amet voluptate do magna.',0,'2015-09-27 12:54:48','img/default-pharmacie.png'),(65,NULL,NULL,'PHAR00065','Gology','380 Duffield Street, Lafferty, Washington, 5709','Cupidatat culpa enim Lorem et consectetur aliqua culpa deserunt.',0,'2015-09-27 12:54:48','img/default-pharmacie.png'),(66,NULL,NULL,'PHAR00066','Netbook','170 Wolf Place, Glasgow, Arkansas, 1848','Sint est ea consequat laboris aliqua.',0,'2015-09-27 12:54:49','img/default-pharmacie.png'),(67,NULL,NULL,'PHAR00067','Repetwire','363 Jay Street, Carlos, Missouri, 5131','Velit mollit sit exercitation cupidatat elit laborum ullamco in ullamco ea aliquip.',0,'2015-09-27 12:54:49','img/default-pharmacie.png'),(68,NULL,NULL,'PHAR00068','Enjola','696 Johnson Street, Edneyville, Delaware, 8008','Occaecat deserunt exercitation nisi in sit officia nisi deserunt nostrud ut laboris amet culpa.',0,'2015-09-27 12:54:49','img/default-pharmacie.png'),(69,NULL,NULL,'PHAR00069','Sonique','206 Tapscott Street, Marne, Louisiana, 2566','Excepteur voluptate voluptate minim magna ipsum tempor mollit aliqua do ullamco tempor nostrud.',0,'2015-09-27 12:54:49','img/default-pharmacie.png'),(70,NULL,NULL,'PHAR00070','Tasmania','961 Bassett Avenue, Dola, New Jersey, 6546','Proident duis minim officia non et in sunt magna nisi veniam occaecat qui.',0,'2015-09-27 12:54:49','img/default-pharmacie.png'),(71,NULL,NULL,'PHAR00071','Zilencio','759 Navy Walk, Starks, Alaska, 4203','Officia exercitation tempor aliquip cupidatat labore ea ex velit mollit irure sit velit do.',0,'2015-09-27 12:54:49','img/default-pharmacie.png'),(72,NULL,NULL,'PHAR00072','Gracker','143 Legion Street, Westmoreland, New Hampshire, 9806','Veniam laboris et mollit officia sit fugiat.',0,'2015-09-27 12:54:49','img/default-pharmacie.png'),(73,NULL,NULL,'PHAR00073','Assistix','638 Waldorf Court, Kylertown, Federated States Of Micronesia, 9243','Aute consequat commodo eiusmod consectetur aute enim minim in duis nostrud dolore tempor.',0,'2015-09-27 12:54:49','img/default-pharmacie.png'),(74,NULL,NULL,'PHAR00074','Vitricomp','545 Halleck Street, Sisquoc, Wyoming, 8144','Non id ex incididunt sunt aute consectetur nostrud exercitation.',0,'2015-09-27 12:54:50','img/default-pharmacie.png'),(75,NULL,NULL,'PHAR00075','Centregy','381 Agate Court, Leming, District Of Columbia, 862','Incididunt consequat nisi anim fugiat non exercitation mollit nisi cillum cupidatat mollit ipsum.',0,'2015-09-27 12:54:50','img/default-pharmacie.png'),(76,NULL,NULL,'PHAR00076','Acruex','758 Vista Place, Tedrow, Mississippi, 8851','Nulla excepteur officia ipsum esse dolor dolor magna veniam officia sint.',0,'2015-09-27 12:54:50','img/default-pharmacie.png'),(77,NULL,NULL,'PHAR00077','Buzzworks','707 Lombardy Street, Levant, Nevada, 2256','Nisi exercitation duis sit proident culpa adipisicing pariatur incididunt incididunt.',0,'2015-09-27 12:54:50','img/default-pharmacie.png'),(78,NULL,NULL,'PHAR00078','Kidgrease','442 Havens Place, Sutton, North Dakota, 8377','Sint enim fugiat occaecat velit esse consectetur et enim adipisicing fugiat Lorem excepteur culpa ut.',0,'2015-09-27 12:54:50','img/default-pharmacie.png'),(79,NULL,NULL,'PHAR00079','Geeknet','741 Macon Street, Wyano, Utah, 1553','Culpa eiusmod ut fugiat voluptate sint excepteur in sit nisi id do mollit.',0,'2015-09-27 12:54:50','img/default-pharmacie.png'),(80,NULL,NULL,'PHAR00080','Isologix','915 Celeste Court, Hampstead, Hawaii, 1490','Deserunt tempor ut fugiat do occaecat ut ea excepteur labore elit sint.',0,'2015-09-27 12:54:51','img/default-pharmacie.png'),(81,NULL,NULL,'PHAR00081','Comtour','974 Campus Place, Fruitdale, Iowa, 6519','Quis duis quis Lorem do est aliquip non consectetur elit ullamco labore in.',0,'2015-09-27 12:54:51','img/default-pharmacie.png'),(82,NULL,NULL,'PHAR00082','Atgen','806 Cooper Street, Allamuchy, Wisconsin, 402','Exercitation in eu eu tempor nisi non et elit dolore ut qui consequat in.',0,'2015-09-27 12:54:51','img/default-pharmacie.png'),(83,NULL,NULL,'PHAR00083','Acusage','251 Ridgecrest Terrace, Sussex, Montana, 1808','Ex velit aliquip minim nisi in elit reprehenderit.',0,'2015-09-27 12:54:51','img/default-pharmacie.png'),(84,NULL,NULL,'PHAR00084','Skyplex','690 Bartlett Street, Wintersburg, Puerto Rico, 8206','In exercitation aliquip reprehenderit proident laborum.',0,'2015-09-27 12:54:51','img/default-pharmacie.png'),(85,NULL,NULL,'PHAR00085','Turnabout','929 Heath Place, Brambleton, American Samoa, 3979','Incididunt laborum pariatur consectetur tempor consequat.',0,'2015-09-27 12:54:51','img/default-pharmacie.png'),(86,NULL,NULL,'PHAR00086','Eventix','911 Cadman Plaza, Yettem, Tennessee, 9998','Sit aute est aute adipisicing amet do consequat.',0,'2015-09-27 12:54:51','img/default-pharmacie.png'),(87,NULL,NULL,'PHAR00087','Exoswitch','129 Pine Street, Mayfair, Massachusetts, 1296','Consequat excepteur minim pariatur nisi velit anim pariatur veniam et dolor voluptate.',0,'2015-09-27 12:54:52','img/default-pharmacie.png'),(88,NULL,NULL,'PHAR00088','Cujo','841 Martense Street, Vienna, Maine, 8656','Reprehenderit amet culpa cillum id non cillum.',0,'2015-09-27 12:54:52','img/default-pharmacie.png'),(89,NULL,NULL,'PHAR00089','Mobildata','176 Little Street, Cucumber, Georgia, 647','Tempor aliquip incididunt in aliqua labore veniam nulla.',0,'2015-09-27 12:54:52','img/default-pharmacie.png'),(90,NULL,NULL,'PHAR00090','Snorus','388 Gilmore Court, Mappsville, West Virginia, 7403','Non cillum proident consequat aliqua est consequat dolor minim minim est excepteur amet.',0,'2015-09-27 12:54:52','img/default-pharmacie.png'),(91,NULL,NULL,'PHAR00091','Motovate','321 Conway Street, Bladensburg, Kentucky, 3699','Duis nisi et fugiat esse veniam et amet eu commodo laboris quis.',0,'2015-09-27 12:54:52','img/default-pharmacie.png'),(92,NULL,NULL,'PHAR00092','Zentry','576 Lawton Street, Harmon, Guam, 4317','Officia tempor qui exercitation commodo ex consequat reprehenderit.',0,'2015-09-27 12:54:52','img/default-pharmacie.png'),(93,NULL,NULL,'PHAR00093','Koogle','467 Beacon Court, Templeton, Michigan, 8161','Laboris cupidatat id qui ea sint et adipisicing aute exercitation.',0,'2015-09-27 12:54:52','img/default-pharmacie.png'),(94,NULL,NULL,'PHAR00094','Corepan','490 Kimball Street, Spelter, Maryland, 6018','Anim proident in nulla adipisicing id nulla eu anim reprehenderit.',0,'2015-09-27 12:54:53','img/default-pharmacie.png'),(95,NULL,NULL,'PHAR00095','Valreda','499 Grattan Street, Frank, Kansas, 1624','Amet excepteur eiusmod ex do enim Lorem deserunt.',0,'2015-09-27 12:54:53','img/default-pharmacie.png'),(96,NULL,NULL,'PHAR00096','Netropic','570 Imlay Street, Hachita, Alabama, 9827','Eiusmod consequat ad qui laboris magna et commodo fugiat aute aliqua officia aute et.',0,'2015-09-27 12:54:53','img/default-pharmacie.png'),(97,NULL,NULL,'PHAR00097','Geekosis','114 Bergen Street, Edenburg, Ohio, 5813','Ex labore laboris excepteur mollit fugiat ipsum tempor ea est velit non adipisicing in.',0,'2015-09-27 12:54:53','img/default-pharmacie.png'),(99,NULL,NULL,'PHAR00099','Terrasys','236 Louis Place, Kilbourne, Marshall Islands, 970','Velit ex Lorem Lorem ullamco dolor sint ipsum ipsum voluptate non aute consequat.',0,'2015-09-27 12:54:53','img/default-pharmacie.png'),(101,NULL,NULL,'PHAR00101','Digique','661 Keen Court, Rivereno, South Carolina, 5528','Do culpa ipsum aliquip sunt commodo do.',0,'2015-09-27 12:54:53','img/default-pharmacie.png'),(102,NULL,NULL,'PHAR00102','Snips','396 Moffat Street, Rose, Florida, 8716','Dolore Lorem consequat irure nostrud incididunt nulla anim elit esse enim magna proident consequat adipisicing.',0,'2015-09-27 12:54:54','img/default-pharmacie.png'),(103,NULL,1,'PHAR00103','Qaj Pharm','rue de la paie- bvd Nelson Mandela','A 200 mètres du rond point la joie',0,'2015-09-27 13:28:28','img/default-pharmacie.png');
/*!40000 ALTER TABLE `Pharmacie` ENABLE KEYS */;
UNLOCK TABLES;

--
-- Table structure for table `Profil`
--

DROP TABLE IF EXISTS `Profil`;
/*!40101 SET @saved_cs_client     = @@character_set_client */;
/*!40101 SET character_set_client = utf8 */;
CREATE TABLE `Profil` (
  `id` int(11) NOT NULL AUTO_INCREMENT,
  `nom` varchar(255) COLLATE utf8_unicode_ci NOT NULL,
  `role` varchar(50) COLLATE utf8_unicode_ci NOT NULL,
  `description` longtext COLLATE utf8_unicode_ci,
  `dateajout` datetime NOT NULL,
  `abrv` varchar(20) COLLATE utf8_unicode_ci NOT NULL,
  `active` tinyint(1) NOT NULL,
  PRIMARY KEY (`id`)
) ENGINE=InnoDB AUTO_INCREMENT=17 DEFAULT CHARSET=utf8 COLLATE=utf8_unicode_ci;
/*!40101 SET character_set_client = @saved_cs_client */;

--
-- Dumping data for table `Profil`
--

LOCK TABLES `Profil` WRITE;
/*!40000 ALTER TABLE `Profil` DISABLE KEYS */;
INSERT INTO `Profil` VALUES (13,'Conseiller','ROLE_CONS',NULL,'2015-04-03 18:19:27','cons',0),(14,'Superviseur','ROLE_SUP',NULL,'2015-04-03 18:19:27','sup',0),(15,'Administrateur','ROLE_ADMIN',NULL,'2015-04-03 18:19:27','admin',0),(16,'Membre Capital Humain','ROLE_CH',NULL,'2015-04-03 18:19:27','mch',0);
/*!40000 ALTER TABLE `Profil` ENABLE KEYS */;
UNLOCK TABLES;

--
-- Table structure for table `Quartier`
--

DROP TABLE IF EXISTS `Quartier`;
/*!40101 SET @saved_cs_client     = @@character_set_client */;
/*!40101 SET character_set_client = utf8 */;
CREATE TABLE `Quartier` (
  `id` int(11) NOT NULL AUTO_INCREMENT,
  `arrondissement_id` int(11) NOT NULL,
  `at` datetime NOT NULL,
  `nom` varchar(255) COLLATE utf8_unicode_ci NOT NULL,
  `matricule` varchar(50) COLLATE utf8_unicode_ci NOT NULL,
  PRIMARY KEY (`id`),
  KEY `IDX_79EF47B407DBC11` (`arrondissement_id`),
  CONSTRAINT `FK_79EF47B407DBC11` FOREIGN KEY (`arrondissement_id`) REFERENCES `Arrondissement` (`id`)
) ENGINE=InnoDB AUTO_INCREMENT=101 DEFAULT CHARSET=utf8 COLLATE=utf8_unicode_ci;
/*!40101 SET character_set_client = @saved_cs_client */;

--
-- Dumping data for table `Quartier`
--

LOCK TABLES `Quartier` WRITE;
/*!40000 ALTER TABLE `Quartier` DISABLE KEYS */;
INSERT INTO `Quartier` VALUES (1,10,'2015-08-09 01:47:01','Aitken Place','ARR00010QUA00001'),(2,3,'2015-09-14 07:20:34','Empire Boulevard','ARR00003QUA00002'),(3,2,'2015-03-28 10:39:31','Pineapple Street','ARR00002QUA00003'),(4,3,'2015-10-20 06:00:35','Coles Street','ARR00003QUA00004'),(5,23,'2015-01-13 07:07:17','Quay Street','ARR00023QUA00005'),(6,8,'2015-03-21 09:08:09','Albee Square','ARR00008QUA00006'),(7,23,'2015-05-10 10:51:46','Merit Court','ARR00023QUA00007'),(8,6,'2015-08-07 03:22:13','Liberty Avenue','ARR00006QUA00008'),(9,28,'2015-09-17 01:25:23','Seaview Avenue','ARR00028QUA00009'),(10,11,'2015-05-30 05:19:58','Kings Hwy','ARR00011QUA00010'),(11,9,'2015-09-15 03:59:48','Eldert Street','ARR00009QUA00011'),(12,17,'2015-07-18 04:33:50','Jerome Avenue','ARR00017QUA00012'),(14,12,'2015-03-10 03:11:56','Montrose Avenue','ARR00012QUA00014'),(15,14,'2015-08-17 11:50:00','Love Lane','ARR00014QUA00015'),(16,20,'2015-10-18 10:50:27','Midwood Street','ARR00020QUA00016'),(17,2,'2015-07-26 02:25:06','Railroad Avenue','ARR00002QUA00017'),(18,9,'2015-02-12 01:40:12','Visitation Place','ARR00009QUA00018'),(19,2,'2015-02-05 07:21:22','McKinley Avenue','ARR00002QUA00019'),(20,15,'2015-03-08 12:52:52','Stillwell Avenue','ARR00015QUA00020'),(21,23,'2015-03-08 10:13:29','Crawford Avenue','ARR00023QUA00021'),(22,8,'2015-07-21 05:13:25','Emerald Street','ARR00008QUA00022'),(23,18,'2015-08-03 10:53:48','Bergen Street','ARR00018QUA00023'),(25,16,'2015-05-22 07:22:52','Kimball Street','ARR00016QUA00025'),(26,1,'2015-04-24 10:42:09','Hornell Loop','ARR00001QUA00026'),(27,12,'2015-04-24 10:05:48','Lott Place','ARR00012QUA00027'),(29,18,'2015-08-04 06:14:49','Bridge Street','ARR00018QUA00029'),(30,17,'2015-09-10 08:00:15','Glen Street','ARR00017QUA00030'),(31,28,'2015-08-29 10:33:14','Sullivan Street','ARR00028QUA00031'),(32,28,'2015-07-09 06:00:52','Neptune Avenue','ARR00028QUA00032'),(33,23,'2015-02-13 10:35:32','Gunnison Court','ARR00023QUA00033'),(34,14,'2015-03-01 10:03:03','Clark Street','ARR00014QUA00034'),(35,2,'2015-03-11 11:27:44','Sutter Avenue','ARR00002QUA00035'),(36,30,'2015-02-07 08:37:50','Willow Place','ARR00030QUA00036'),(37,22,'2015-06-24 02:22:56','Brigham Street','ARR00022QUA00037'),(38,9,'2015-04-13 01:53:16','Hoyts Lane','ARR00009QUA00038'),(39,30,'2015-07-29 12:40:04','Lawrence Avenue','ARR00030QUA00039'),(40,23,'2015-08-18 09:52:56','Brooklyn Road','ARR00023QUA00040'),(41,24,'2015-02-10 05:59:43','Middleton Street','ARR00024QUA00041'),(42,30,'2015-08-29 05:17:21','Fleet Place','ARR00030QUA00042'),(43,1,'2015-08-23 12:43:47','Ovington Avenue','ARR00001QUA00043'),(44,19,'2015-03-26 02:15:49','Chapel Street','ARR00019QUA00044'),(45,12,'2015-02-15 12:07:17','Macdougal Street','ARR00012QUA00045'),(46,5,'2015-07-31 11:55:15','Johnson Street','ARR00005QUA00046'),(47,17,'2015-07-19 05:56:01','Devon Avenue','ARR00017QUA00047'),(48,12,'2015-01-05 12:44:04','Interborough Parkway','ARR00012QUA00048'),(49,20,'2015-05-17 01:31:57','Voorhies Avenue','ARR00020QUA00049'),(50,19,'2015-05-10 06:31:37','Strauss Street','ARR00019QUA00050'),(51,13,'2015-07-31 04:53:41','Varick Avenue','ARR00013QUA00051'),(52,9,'2015-10-04 02:11:17','Pacific Street','ARR00009QUA00052'),(54,6,'2015-06-23 06:55:26','Guernsey Street','ARR00006QUA00054'),(55,22,'2015-05-10 06:03:44','Moffat Street','ARR00022QUA00055'),(56,11,'2015-05-31 05:43:45','Dunne Place','ARR00011QUA00056'),(57,11,'2015-06-23 08:07:43','Post Court','ARR00011QUA00057'),(58,24,'2015-09-13 06:27:02','Ridgecrest Terrace','ARR00024QUA00058'),(59,2,'2015-04-23 05:55:50','Hanover Place','ARR00002QUA00059'),(60,18,'2015-09-10 08:29:32','Baltic Street','ARR00018QUA00060'),(61,10,'2015-08-18 07:28:58','Boardwalk ','ARR00010QUA00061'),(62,27,'2015-03-30 01:37:43','Roder Avenue','ARR00027QUA00062'),(63,7,'2015-03-13 11:33:15','Miller Avenue','ARR00007QUA00063'),(64,8,'2015-01-21 01:04:08','Hutchinson Court','ARR00008QUA00064'),(65,16,'2015-09-23 08:45:27','Cass Place','ARR00016QUA00065'),(66,7,'2015-09-19 03:32:08','Lafayette Walk','ARR00007QUA00066'),(67,10,'2015-07-08 10:46:51','Kingsland Avenue','ARR00010QUA00067'),(68,14,'2015-04-11 07:24:41','Rewe Street','ARR00014QUA00068'),(70,25,'2015-02-27 01:57:43','Judge Street','ARR00025QUA00070'),(72,6,'2015-02-28 01:22:44','Clymer Street','ARR00006QUA00072'),(73,17,'2015-06-02 06:04:39','Court Street','ARR00017QUA00073'),(74,6,'2015-10-09 12:38:40','Kane Place','ARR00006QUA00074'),(76,15,'2015-09-11 01:24:19','Poly Place','ARR00015QUA00076'),(77,12,'2015-10-09 11:13:38','Louisa Street','ARR00012QUA00077'),(78,18,'2015-02-01 02:45:24','Keap Street','ARR00018QUA00078'),(79,13,'2015-04-22 09:45:08','Gotham Avenue','ARR00013QUA00079'),(80,11,'2015-04-23 07:45:26','Royce Street','ARR00011QUA00080'),(81,11,'2015-09-14 09:00:37','Java Street','ARR00011QUA00081'),(82,8,'2015-07-22 08:14:43','Sumpter Street','ARR00008QUA00082'),(83,1,'2015-05-31 11:57:48','Meeker Avenue','ARR00001QUA00083'),(84,20,'2015-04-08 11:16:51','Kosciusko Street','ARR00020QUA00084'),(85,27,'2015-04-01 02:09:06','Etna Street','ARR00027QUA00085'),(86,18,'2015-02-15 06:06:56','Harwood Place','ARR00018QUA00086'),(87,2,'2015-01-06 05:03:35','Columbus Place','ARR00002QUA00087'),(88,9,'2015-03-12 10:49:02','Lott Street','ARR00009QUA00088'),(89,12,'2015-04-12 05:09:21','Saratoga Avenue','ARR00012QUA00089'),(90,9,'2015-06-12 03:50:01','Chestnut Street','ARR00009QUA00090'),(92,6,'2015-09-12 01:52:00','Amboy Street','ARR00006QUA00092'),(93,12,'2015-05-20 12:51:36','Ferris Street','ARR00012QUA00093'),(94,25,'2015-09-14 05:47:50','Dahill Road','ARR00025QUA00094'),(95,12,'2015-07-03 07:27:00','George Street','ARR00012QUA00095'),(96,10,'2015-06-27 07:29:55','Charles Place','ARR00010QUA00096'),(97,23,'2015-01-10 11:55:26','Broadway ','ARR00023QUA00097'),(98,13,'2015-07-01 12:49:34','Taylor Street','ARR00013QUA00098'),(99,5,'2015-06-29 03:36:36','Bartlett Street','ARR00005QUA00099'),(100,1,'2015-08-19 06:19:30','Arion Place','ARR00001QUA00100');
/*!40000 ALTER TABLE `Quartier` ENABLE KEYS */;
UNLOCK TABLES;

--
-- Table structure for table `Responsable`
--

DROP TABLE IF EXISTS `Responsable`;
/*!40101 SET @saved_cs_client     = @@character_set_client */;
/*!40101 SET character_set_client = utf8 */;
CREATE TABLE `Responsable` (
  `id` int(11) NOT NULL AUTO_INCREMENT,
  `nom` varchar(255) COLLATE utf8_unicode_ci NOT NULL,
  `prenom` varchar(255) COLLATE utf8_unicode_ci NOT NULL,
  `email` varchar(255) COLLATE utf8_unicode_ci DEFAULT NULL,
  `adresse` longtext COLLATE utf8_unicode_ci,
  `telephone` varchar(255) COLLATE utf8_unicode_ci DEFAULT NULL,
  `mobile` varchar(255) COLLATE utf8_unicode_ci NOT NULL,
  `active` tinyint(1) NOT NULL,
  `image` varchar(255) COLLATE utf8_unicode_ci DEFAULT NULL,
  PRIMARY KEY (`id`)
) ENGINE=InnoDB AUTO_INCREMENT=9 DEFAULT CHARSET=utf8 COLLATE=utf8_unicode_ci;
/*!40101 SET character_set_client = @saved_cs_client */;

--
-- Dumping data for table `Responsable`
--

LOCK TABLES `Responsable` WRITE;
/*!40000 ALTER TABLE `Responsable` DISABLE KEYS */;
INSERT INTO `Responsable` VALUES (1,'Aby','Junior','junioraby@ymail.com','10 rue allal casablanca',NULL,'0641746727',1,NULL),(2,'Lom','Jean Paul','email@bom',NULL,NULL,'0578932',1,NULL),(3,'Quadra','Martial','qm@hy',NULL,NULL,'0125786',1,NULL),(4,'Aby','Jojo Romolo','jRomolo@aby.net','Rio de janero lol',NULL,'+1 789 456 221',1,NULL),(5,'Simpson','Jay Homer','hjSimpson@gmail.com','RAS',NULL,'0487596523',1,NULL),(6,'ABY','Junior','aby@gmail.com','ras','25266565','0299443636',1,'img/6.jpeg'),(7,'Simpson','Homer Jay','hjSimpson@gmail.com','ras','22565','054893622',1,'img/.jpeg'),(8,'AZ','POl','yh@jjc.vom','KJHKJ','561465','5775222',1,'img/8.jpeg');
/*!40000 ALTER TABLE `Responsable` ENABLE KEYS */;
UNLOCK TABLES;

--
-- Table structure for table `Thread`
--

DROP TABLE IF EXISTS `Thread`;
/*!40101 SET @saved_cs_client     = @@character_set_client */;
/*!40101 SET character_set_client = utf8 */;
CREATE TABLE `Thread` (
  `id` int(11) NOT NULL AUTO_INCREMENT,
  `subject` varchar(255) COLLATE utf8_unicode_ci NOT NULL,
  `createdAt` datetime NOT NULL,
  `isSpam` tinyint(1) NOT NULL,
  `createdBy_id` int(11) DEFAULT NULL,
  PRIMARY KEY (`id`),
  KEY `IDX_368C49B53174800F` (`createdBy_id`),
  CONSTRAINT `FK_368C49B53174800F` FOREIGN KEY (`createdBy_id`) REFERENCES `compte` (`id`)
) ENGINE=InnoDB DEFAULT CHARSET=utf8 COLLATE=utf8_unicode_ci;
/*!40101 SET character_set_client = @saved_cs_client */;

--
-- Dumping data for table `Thread`
--

LOCK TABLES `Thread` WRITE;
/*!40000 ALTER TABLE `Thread` DISABLE KEYS */;
/*!40000 ALTER TABLE `Thread` ENABLE KEYS */;
UNLOCK TABLES;

--
-- Table structure for table `ThreadMetadata`
--

DROP TABLE IF EXISTS `ThreadMetadata`;
/*!40101 SET @saved_cs_client     = @@character_set_client */;
/*!40101 SET character_set_client = utf8 */;
CREATE TABLE `ThreadMetadata` (
  `id` int(11) NOT NULL AUTO_INCREMENT,
  `thread_id` int(11) DEFAULT NULL,
  `participant_id` int(11) DEFAULT NULL,
  `is_deleted` tinyint(1) NOT NULL,
  `last_participant_message_date` datetime DEFAULT NULL,
  `last_message_date` datetime DEFAULT NULL,
  PRIMARY KEY (`id`),
  KEY `IDX_BEF427AEE2904019` (`thread_id`),
  KEY `IDX_BEF427AE9D1C3019` (`participant_id`),
  CONSTRAINT `FK_BEF427AE9D1C3019` FOREIGN KEY (`participant_id`) REFERENCES `compte` (`id`),
  CONSTRAINT `FK_BEF427AEE2904019` FOREIGN KEY (`thread_id`) REFERENCES `Thread` (`id`)
) ENGINE=InnoDB DEFAULT CHARSET=utf8 COLLATE=utf8_unicode_ci;
/*!40101 SET character_set_client = @saved_cs_client */;

--
-- Dumping data for table `ThreadMetadata`
--

LOCK TABLES `ThreadMetadata` WRITE;
/*!40000 ALTER TABLE `ThreadMetadata` DISABLE KEYS */;
/*!40000 ALTER TABLE `ThreadMetadata` ENABLE KEYS */;
UNLOCK TABLES;

--
-- Table structure for table `Utilisateur`
--

DROP TABLE IF EXISTS `Utilisateur`;
/*!40101 SET @saved_cs_client     = @@character_set_client */;
/*!40101 SET character_set_client = utf8 */;
CREATE TABLE `Utilisateur` (
  `id` int(11) NOT NULL AUTO_INCREMENT,
  `compte_id` int(11) DEFAULT NULL,
  `nom` varchar(255) COLLATE utf8_unicode_ci NOT NULL,
  `prenom` varchar(255) COLLATE utf8_unicode_ci NOT NULL,
  `email` varchar(255) COLLATE utf8_unicode_ci DEFAULT NULL,
  `image` varchar(255) COLLATE utf8_unicode_ci NOT NULL,
  `adresse` longtext COLLATE utf8_unicode_ci,
  `profil_id` int(11) NOT NULL,
  `dateajout` datetime NOT NULL,
  `active` tinyint(1) NOT NULL,
  `cin` varchar(50) COLLATE utf8_unicode_ci NOT NULL,
  `mp` varchar(255) COLLATE utf8_unicode_ci DEFAULT NULL,
  PRIMARY KEY (`id`),
  UNIQUE KEY `UNIQ_9B80EC64ABE530DA` (`cin`),
  UNIQUE KEY `UNIQ_9B80EC64F2C56620` (`compte_id`),
  KEY `IDX_9B80EC64275ED078` (`profil_id`),
  CONSTRAINT `FK_9B80EC64275ED078` FOREIGN KEY (`profil_id`) REFERENCES `Profil` (`id`),
  CONSTRAINT `FK_9B80EC64F2C56620` FOREIGN KEY (`compte_id`) REFERENCES `compte` (`id`)
) ENGINE=InnoDB AUTO_INCREMENT=19 DEFAULT CHARSET=utf8 COLLATE=utf8_unicode_ci;
/*!40101 SET character_set_client = @saved_cs_client */;

--
-- Dumping data for table `Utilisateur`
--

LOCK TABLES `Utilisateur` WRITE;
/*!40000 ALTER TABLE `Utilisateur` DISABLE KEYS */;
INSERT INTO `Utilisateur` VALUES (3,4,'Aby','Quadra','admin@admin.com','img/default.png','Adresse de l\'administrateur',15,'2015-04-03 18:19:27',0,'AE500O',''),(4,5,'Riouk','Junior','juniorriouk@gmail.com','img/junior.jpg','33 rue Brahim Annakhai Casablanca',13,'2015-11-18 17:48:30',1,'BE8745P',''),(7,7,'Karl','Pomme Jean Martial','k.p.jeanM@houtlook.de','img/JI7458KJ.jpeg','Rue des mariés, Paris 2000',13,'2016-01-09 15:19:59',1,'JI7458KJ','ji7458kj'),(9,9,'Kloé','Williams','kwilliams@yahoo.fr','img/BN7845LK.jpeg','RAS',16,'2016-01-09 15:43:04',1,'BN7845LK','bn7845lk'),(18,18,'ABY','Romolo','abyromolo@gmail.com','img/default.png',NULL,14,'2016-01-09 18:21:28',1,'SDE74NH','sde74nh');
/*!40000 ALTER TABLE `Utilisateur` ENABLE KEYS */;
UNLOCK TABLES;

--
-- Table structure for table `Ville`
--

DROP TABLE IF EXISTS `Ville`;
/*!40101 SET @saved_cs_client     = @@character_set_client */;
/*!40101 SET character_set_client = utf8 */;
CREATE TABLE `Ville` (
  `id` int(11) NOT NULL AUTO_INCREMENT,
  `nom` varchar(255) COLLATE utf8_unicode_ci NOT NULL,
  `active` tinyint(1) NOT NULL,
  `matricule` varchar(100) COLLATE utf8_unicode_ci DEFAULT NULL,
  PRIMARY KEY (`id`)
) ENGINE=InnoDB AUTO_INCREMENT=24 DEFAULT CHARSET=utf8 COLLATE=utf8_unicode_ci;
/*!40101 SET character_set_client = @saved_cs_client */;

--
-- Dumping data for table `Ville`
--

LOCK TABLES `Ville` WRITE;
/*!40000 ALTER TABLE `Ville` DISABLE KEYS */;
INSERT INTO `Ville` VALUES (1,'Sedley',1,'VIL00001'),(2,'Masthope',1,'VIL00002'),(3,'Avoca',1,'VIL00003'),(4,'Swartzville',1,'VIL00004'),(5,'Ogema',1,'VIL00005'),(6,'Dragoon',1,'VIL00006'),(7,'Remington',1,'VIL00007'),(8,'Chalfant',1,'VIL00008'),(9,'Itmann',1,'VIL00009'),(10,'Thermal',1,'VIL00010'),(11,'Fairhaven',1,'VIL00011'),(12,'Martinsville',1,'VIL00012'),(13,'Cressey',1,'VIL00013'),(14,'Corriganville',1,'VIL00014'),(15,'Kieler',1,'VIL00015'),(16,'Brecon',1,'VIL00016'),(17,'Cowiche',1,'VIL00017'),(18,'Williston',1,'VIL00018'),(19,'Caledonia',1,'VIL00019'),(20,'Klondike',1,'VIL00020'),(21,'Stockwell',1,'VIL00021'),(22,'Cashtown',1,'VIL00022'),(23,'Divo',1,'VIL00023');
/*!40000 ALTER TABLE `Ville` ENABLE KEYS */;
UNLOCK TABLES;

--
-- Table structure for table `compte`
--

DROP TABLE IF EXISTS `compte`;
/*!40101 SET @saved_cs_client     = @@character_set_client */;
/*!40101 SET character_set_client = utf8 */;
CREATE TABLE `compte` (
  `id` int(11) NOT NULL AUTO_INCREMENT,
  `username` varchar(255) COLLATE utf8_unicode_ci NOT NULL,
  `username_canonical` varchar(255) COLLATE utf8_unicode_ci NOT NULL,
  `email` varchar(255) COLLATE utf8_unicode_ci NOT NULL,
  `email_canonical` varchar(255) COLLATE utf8_unicode_ci NOT NULL,
  `enabled` tinyint(1) NOT NULL,
  `salt` varchar(255) COLLATE utf8_unicode_ci NOT NULL,
  `password` varchar(255) COLLATE utf8_unicode_ci NOT NULL,
  `last_login` datetime DEFAULT NULL,
  `locked` tinyint(1) NOT NULL,
  `expired` tinyint(1) NOT NULL,
  `expires_at` datetime DEFAULT NULL,
  `confirmation_token` varchar(255) COLLATE utf8_unicode_ci DEFAULT NULL,
  `password_requested_at` datetime DEFAULT NULL,
  `roles` longtext COLLATE utf8_unicode_ci NOT NULL COMMENT '(DC2Type:array)',
  `credentials_expired` tinyint(1) NOT NULL,
  `credentials_expire_at` datetime DEFAULT NULL,
  PRIMARY KEY (`id`),
  UNIQUE KEY `UNIQ_CFF6526092FC23A8` (`username_canonical`),
  UNIQUE KEY `UNIQ_CFF65260A0D96FBF` (`email_canonical`)
) ENGINE=InnoDB AUTO_INCREMENT=19 DEFAULT CHARSET=utf8 COLLATE=utf8_unicode_ci;
/*!40101 SET character_set_client = @saved_cs_client */;

--
-- Dumping data for table `compte`
--

LOCK TABLES `compte` WRITE;
/*!40000 ALTER TABLE `compte` DISABLE KEYS */;
INSERT INTO `compte` VALUES (4,'admin','admin','admin@admin.com','admin@admin.com',1,'oq5lrceej0gww80o040gwg0so4kw8gg','h03erYhXqimfrikHQTQBoOMLC7kNuLeOhz7Os82Ep/rARL4i9RwT0emo9UdfBI9ArhlKc0y7gyQtzJWhg5p4sg==','2016-02-20 17:12:08',0,0,NULL,NULL,NULL,'a:1:{i:0;s:16:\"ROLE_SUPER_ADMIN\";}',0,NULL),(5,'junior','junior','junior@aby.com','junior@aby.com',1,'m595m56l734gg4k48wk8s8k8cocgcs8','37lmr6WOjn+vyj47BWRxtQuKKc74dQeElYNZA+fN+On6+cnkM4mV+2/24wb6XQ9kJbgesgAR8xwKz+b3DIOgSg==','2016-01-09 14:15:01',0,0,NULL,NULL,NULL,'a:0:{}',0,NULL),(7,'ji7458kj','ji7458kj','k.p.jeanM@houtlook.de','k.p.jeanm@houtlook.de',1,'ejmsperk7g0sc8s4g4sgkkgkcss0ssw','GsdnSsMwUo3c6haEusuZhCJZ9ipt9OXyPX3plBQUWbwbQoT1bQ9oaKwuPZJz5PaGwaEMoPO5/E5nvRBSsE6p0Q==','2016-01-09 18:11:57',0,0,NULL,NULL,NULL,'a:1:{i:0;s:9:\"ROLE_CONS\";}',0,NULL),(9,'bn7845lk','bn7845lk','kwilliams@yahoo.fr','kwilliams@yahoo.fr',1,'kjzdbip1mps44ssw8s4wocckgsoc0cs','Vaih79a/X42eCSNnmBy0W/3GP14dfdZIiG/SV56WiHyUbpynRVrrSTh23rgutG4s35GXdWcdjaNBpDvNVP4rgQ==','2016-01-09 18:12:56',0,0,NULL,NULL,NULL,'a:1:{i:0;s:7:\"ROLE_CH\";}',0,NULL),(18,'sde74nh','sde74nh','abyromolo@gmail.com','abyromolo@gmail.com',1,'6xgsf0k1ax0kook4oockgkos48so4sk','k3okh5Tt4LF1DHCrGDcfbI8hAHpJMxz2Q+6Qo8Cb2VoPGdgz0PbISbdRi/6ij7W8TAf8la3CP8pb25fhIbOfUg==',NULL,0,0,NULL,NULL,NULL,'a:1:{i:0;s:8:\"ROLE_SUP\";}',0,NULL);
/*!40000 ALTER TABLE `compte` ENABLE KEYS */;
UNLOCK TABLES;
/*!40103 SET TIME_ZONE=@OLD_TIME_ZONE */;

/*!40101 SET SQL_MODE=@OLD_SQL_MODE */;
/*!40014 SET FOREIGN_KEY_CHECKS=@OLD_FOREIGN_KEY_CHECKS */;
/*!40014 SET UNIQUE_CHECKS=@OLD_UNIQUE_CHECKS */;
/*!40101 SET CHARACTER_SET_CLIENT=@OLD_CHARACTER_SET_CLIENT */;
/*!40101 SET CHARACTER_SET_RESULTS=@OLD_CHARACTER_SET_RESULTS */;
/*!40101 SET COLLATION_CONNECTION=@OLD_COLLATION_CONNECTION */;
/*!40111 SET SQL_NOTES=@OLD_SQL_NOTES */;

-- Dump completed on 2016-03-28 14:13:06
